"zone","lf_type","n","acres","zone_acres","pct_of_zone"
"Heartlands (TRG to TNC)","Insects or disease",73,16.2348235623928,32599.748108128,0.0498004570726882
"Heartlands (TRG to TNC)","Unattributed change",30138,6702.53578799169,32599.748108128,20.5600845925572
"Lyme","Unattributed change",1171,260.424361528246,1696.20547000506,15.3533499409991
"MWF","Unattributed change",10319,2294.89238822371,5415.75922453957,42.3743429697766
"Non-institutional kept","Harvest / mechanical removal",117,26.0201966684925,91211.6866703891,0.028527261821746
"Non-institutional kept","Insects or disease",423,94.0730187245498,91211.6866703891,0.103137023509389
"Non-institutional kept","Unattributed change",75223,16729.2072990941,91211.6866703891,18.3410787693778
"Non-institutional sold / left","Harvest / mechanical removal",576,128.099429752578,66019.6883984217,0.194032163525996
"Non-institutional sold / left","Insects or disease",744,165.461763430414,66019.6883984217,0.250624877887745
"Non-institutional sold / left","Unattributed change",35371,7866.32800308759,66019.6883984217,11.9151244029132
"Songbird (TRG to Songbird, 2026)","Insects or disease",874,194.373093062072,17235.8227521781,1.12772738416279
"Songbird (TRG to Songbird, 2026)","Unattributed change",16778,3731.34068123049,17235.8227521781,21.6487529193172
"TRG other sale / left CFP","Insects or disease",488,108.528683540379,17449.3218017657,0.621965052701342
"TRG other sale / left CFP","Unattributed change",10679,2374.95453181907,17449.3218017657,13.6105836020443
"TRG/Verdant retained","Insects or disease",706,157.010759384237,100643.229580766,0.156007274446848
"TRG/Verdant retained","Unattributed change",108442,24116.9415993561,100643.229580766,23.9628057444264
