"sale_definition","scope","institutional_firm","cohort","n_parcels","acres","n_major_disturbance","acres_major_disturbance","pct_parcels_major","pct_acres_major","mean_delta_pp","median_delta_pp"
"true_transfer","pooled","All institutional","keeper",524,107565.46,41,8037.34,7.82442748091603,7.47204539449745,-1.67922013117229,0.48440951019878
"true_transfer","pooled","All institutional","seller",368,64325.04,20,3262.39,5.43478260869565,5.07172634482621,0.782143369436109,1.29560545971438
"true_transfer","by_firm","Lyme","keeper",28,1686.32,1,40,3.57142857142857,2.37202903363537,-1.28452890216095,-0.0192157569206728
"true_transfer","by_firm","MWF","keeper",20,4578.52,3,1160,15,25.3356979984799,-9.9191596938925,-6.91321947717016
"true_transfer","by_firm","MWF","seller",6,801.13,1,120,16.6666666666667,14.978842385131,-6.32049700836696,-1.5968593592205
"true_transfer","by_firm","TRG","keeper",476,101300.62,37,6837.34,7.77310924369748,6.74955395139734,-1.35622131427715,0.651947263901143
"true_transfer","by_firm","TRG","seller",362,63523.91,19,3142.39,5.24861878453039,4.94678303020075,0.899866690615166,1.42807360075731
"any_name_change","pooled","All institutional","keeper",48,6264.84,4,1200,8.33333333333333,19.1545195088781,-4.8822917320491,-0.396430229858368
"any_name_change","pooled","All institutional","seller",844,165625.66,57,10099.73,6.75355450236967,6.09792588901985,-0.423853774459048,0.897070330869212
"any_name_change","by_firm","Lyme","keeper",28,1686.32,1,40,3.57142857142857,2.37202903363537,-1.28452890216095,-0.0192157569206728
"any_name_change","by_firm","MWF","keeper",20,4578.52,3,1160,15,25.3356979984799,-9.9191596938925,-6.91321947717016
"any_name_change","by_firm","MWF","seller",6,801.13,1,120,16.6666666666667,14.978842385131,-6.32049700836696,-1.5968593592205
"any_name_change","by_firm","TRG","seller",838,164824.53,56,9979.73,6.68257756563246,6.05476017435026,-0.381634371829636,0.941680426055427
