"institutional_firm","exit_bucket","n_parcels","acres","n_major_disturbance","acres_major_disturbance","pct_parcels_major","pct_acres_major","mean_delta_pp"
"Lyme","kept_same_name",28,1686.32,1,40,3.57142857142857,2.37202903363537,-1.28452890216095
"MWF","kept_same_name",20,4578.52,3,1160,15,25.3356979984799,-9.9191596938925
"MWF","other_sale",4,560,1,120,25,21.4285714285714,-9.62114030232088
"MWF","left_cfp",2,241.13,0,0,0,0,0.280789579540887
"TRG","rebrand_same_family",476,101300.62,37,6837.34,7.77310924369748,6.74955395139734,-1.35622131427715
"TRG","tnc_heartlands",151,30813.15,0,0,0,0,4.40561764758683
"TRG","songbird",91,15350.06,18,3096.58,19.7802197802198,20.1730807566876,-7.66141831747823
"TRG","other_sale",72,8690.74,1,45.81,1.38888888888889,0.527112766001514,3.18422411839094
"TRG","left_cfp",48,8669.96,0,0,0,0,2.67559182465519
