"zone","severity","lf_period","n","acres","zone_acres","pct_of_zone","pct_of_zone_per_year"
"Heartlands (TRG to TNC)","All severities","1 yr ago",0,0,32599.748108128,0,0
"Heartlands (TRG to TNC)","All severities","2-5 yrs ago",17694,3935.05435771202,32599.748108128,12.0708121567691,3.01770303919227
"Heartlands (TRG to TNC)","All severities","6-10 yrs ago",12517,2783.71625384206,32599.748108128,8.53907289286079,1.70781457857216
"Heartlands (TRG to TNC)","High severity","1 yr ago",0,0,32599.748108128,0,0
"Heartlands (TRG to TNC)","High severity","2-5 yrs ago",6894,1533.19004985117,32599.748108128,4.70307330217962,1.1757683255449
"Heartlands (TRG to TNC)","High severity","6-10 yrs ago",2638,586.677596679344,32599.748108128,1.79963843503769,0.359927687007538
"Lyme","All severities","1 yr ago",0,0,1696.20547000506,0,0
"Lyme","All severities","2-5 yrs ago",1151,255.976464661837,1696.20547000506,15.0911236397011,3.77278090992527
"Lyme","All severities","6-10 yrs ago",20,4.44789686640898,1696.20547000506,0.26222630129802,0.052445260259604
"Lyme","High severity","1 yr ago",0,0,1696.20547000506,0,0
"Lyme","High severity","2-5 yrs ago",232,51.5956036503441,1696.20547000506,3.04182509505703,0.760456273764259
"Lyme","High severity","6-10 yrs ago",0,0,1696.20547000506,0,0
"MWF","All severities","1 yr ago",1761,391.63731908731,5415.75922453957,7.23143889618923,7.23143889618923
"MWF","All severities","2-5 yrs ago",8487,1887.46503526065,5415.75922453957,34.851346911958,8.71283672798949
"MWF","All severities","6-10 yrs ago",71,15.7900338757519,5415.75922453957,0.291557161629435,0.058311432325887
"MWF","High severity","1 yr ago",1195,265.761837767936,5415.75922453957,4.90719448094613,4.90719448094613
"MWF","High severity","2-5 yrs ago",2295,510.39616542043,5415.75922453957,9.42427726675427,2.35606931668857
"MWF","High severity","6-10 yrs ago",0,0,5415.75922453957,0,0
"Non-institutional kept","All severities","1 yr ago",2310,513.732088070237,91211.6866703891,0.563230553916524,0.563230553916524
"Non-institutional kept","All severities","2-5 yrs ago",42546,9462.01100391181,91211.6866703891,10.3736827475898,2.59342068689745
"Non-institutional kept","All severities","6-10 yrs ago",30907,6873.55742250511,91211.6866703891,7.5358297532026,1.50716595064052
"Non-institutional kept","High severity","1 yr ago",413,91.8490702913454,91211.6866703891,0.100698796003257,0.100698796003257
"Non-institutional kept","High severity","2-5 yrs ago",5619,1249.6366246176,91211.6866703891,1.37004003569565,0.342510008923912
"Non-institutional kept","High severity","6-10 yrs ago",3830,851.772249917319,91211.6866703891,0.933841134848609,0.186768226969722
"Non-institutional sold / left","All severities","1 yr ago",4464,992.770580582483,66019.6883984217,1.50374926732647,1.50374926732647
"Non-institutional sold / left","All severities","2-5 yrs ago",13100,2913.37244749788,66019.6883984217,4.41288427463637,1.10322106865909
"Non-institutional sold / left","All severities","6-10 yrs ago",19127,4253.74616819022,66019.6883984217,6.4431479023641,1.28862958047282
"Non-institutional sold / left","High severity","1 yr ago",1427,317.35744141828,66019.6883984217,0.480701210679855,0.480701210679855
"Non-institutional sold / left","High severity","2-5 yrs ago",2742,609.806660384671,66019.6883984217,0.923673945118543,0.230918486279636
"Non-institutional sold / left","High severity","6-10 yrs ago",4335,964.081645794146,66019.6883984217,1.46029414737013,0.292058829474025
"Songbird (TRG to Songbird, 2026)","All severities","1 yr ago",4206,935.392711005808,17235.8227521781,5.42702674804196,5.42702674804196
"Songbird (TRG to Songbird, 2026)","All severities","2-5 yrs ago",4073,905.814196844188,17235.8227521781,5.25541605914763,1.31385401478691
"Songbird (TRG to Songbird, 2026)","All severities","6-10 yrs ago",9373,2084.50686644257,17235.8227521781,12.0940374962904,2.41880749925808
"Songbird (TRG to Songbird, 2026)","High severity","1 yr ago",2623,583.341674029537,17235.8227521781,3.38447245841989,3.38447245841989
"Songbird (TRG to Songbird, 2026)","High severity","2-5 yrs ago",2880,640.497148762892,17235.8227521781,3.71608108282474,0.929020270706185
"Songbird (TRG to Songbird, 2026)","High severity","6-10 yrs ago",1536,341.598479340209,17235.8227521781,1.98190991083986,0.396381982167972
"TRG other sale / left CFP","All severities","1 yr ago",309,68.7200065860187,17449.3218017657,0.393826232140809,0.393826232140809
"TRG other sale / left CFP","All severities","2-5 yrs ago",4365,970.753491093759,17449.3218017657,5.56327347344541,1.39081836836135
"TRG other sale / left CFP","All severities","6-10 yrs ago",6493,1444.00971767967,17449.3218017657,8.27544894915946,1.65508978983189
"TRG other sale / left CFP","High severity","1 yr ago",211,46.9253119406147,17449.3218017657,0.268923414180294,0.268923414180294
"TRG other sale / left CFP","High severity","2-5 yrs ago",1993,443.232922737654,17449.3218017657,2.54011547138069,0.635028867845172
"TRG other sale / left CFP","High severity","6-10 yrs ago",1270,282.44145101697,17449.3218017657,1.61863855928423,0.323727711856846
"TRG/Verdant retained","All severities","1 yr ago",8180,1819.18981836127,100643.229580766,1.80756303820852,1.80756303820852
"TRG/Verdant retained","All severities","2-5 yrs ago",57374,12759.6817406674,100643.229580766,12.6781322437867,3.16953306094669
"TRG/Verdant retained","All severities","6-10 yrs ago",43594,9695.08079971164,100643.229580766,9.63311773687802,1.9266235473756
"TRG/Verdant retained","High severity","1 yr ago",4442,987.877894029433,100643.229580766,0.98156418285113,0.98156418285113
"TRG/Verdant retained","High severity","2-5 yrs ago",28000,6227.05561297257,100643.229580766,6.18725734350104,1.54681433587526
"TRG/Verdant retained","High severity","6-10 yrs ago",8190,1821.41376679448,100643.229580766,1.80977277297406,0.361954554594811
