"zone","year","loss_acres","zone_acres","pct_of_zone"
"TRG/Verdant retained",2015,308.461647685462,100642.784791079,0.306491566509996
"TRG/Verdant retained",2016,599.57649759193,100642.784791079,0.595747125674801
"TRG/Verdant retained",2017,453.240690687075,100642.784791079,0.450345935506396
"TRG/Verdant retained",2018,459.912535986688,100642.784791079,0.4569751691007
"TRG/Verdant retained",2019,938.506238812294,100642.784791079,0.932512192265452
"TRG/Verdant retained",2020,958.521774711134,100642.784791079,0.952399893048365
"TRG/Verdant retained",2021,767.039814612228,100642.784791079,0.762140888891835
"TRG/Verdant retained",2022,1661.06708476043,100642.784791079,1.65045819052859
"TRG/Verdant retained",2023,2410.98249643699,100642.784791079,2.39558404652838
"TRG/Verdant retained",2024,504.169109807457,100642.784791079,0.500949085276251
"TRG other sale / left CFP",2015,81.8413023419252,17470.2269170379,0.468461587422825
"TRG other sale / left CFP",2016,77.1710106321957,17470.2269170379,0.441728725097066
"TRG other sale / left CFP",2017,131.880142089026,17470.2269170379,0.754885112341671
"TRG other sale / left CFP",2018,142.110304881767,17470.2269170379,0.813442810769525
"TRG other sale / left CFP",2019,118.98124117644,17470.2269170379,0.681051492584813
"TRG other sale / left CFP",2020,91.181885761384,17470.2269170379,0.521927312074343
"TRG other sale / left CFP",2021,104.970366047252,17470.2269170379,0.600852905607536
"TRG other sale / left CFP",2022,285.777373666777,17470.2269170379,1.63579657564764
"TRG other sale / left CFP",2023,16.2348235623928,17470.2269170379,0.0929285214181147
"TRG other sale / left CFP",2024,38.4743078944376,17470.2269170379,0.220227865826491
"Lyme",2015,0,1696.20547000506,0
"Lyme",2016,0,1696.20547000506,0
"Lyme",2017,0,1696.20547000506,0
"Lyme",2018,1.55676390324314,1696.20547000506,0.0917792054543071
"Lyme",2019,0.222394843320449,1696.20547000506,0.013111315064901
"Lyme",2020,0,1696.20547000506,0
"Lyme",2021,0,1696.20547000506,0
"Lyme",2022,0,1696.20547000506,0
"Lyme",2023,5.78226592633167,1696.20547000506,0.340894191687426
"Lyme",2024,0.667184529961346,1696.20547000506,0.039333945194703
"MWF",2015,0.222394843320449,5415.75922453957,0.00410643889618922
"MWF",2016,0.444789686640898,5415.75922453957,0.00821287779237845
"MWF",2017,0,5415.75922453957,0
"MWF",2018,0,5415.75922453957,0
"MWF",2019,0,5415.75922453957,0
"MWF",2020,0.667184529961346,5415.75922453957,0.0123193166885677
"MWF",2021,0.222394843320449,5415.75922453957,0.00410643889618922
"MWF",2022,53.8195520835486,5415.75922453957,0.993758212877792
"MWF",2023,48.0372861572169,5415.75922453957,0.886990801576873
"MWF",2024,74.2798776690299,5415.75922453957,1.3715505913272
"Non-institutional kept",2015,53.1523675535873,91211.6866703889,0.0582736373965582
"Non-institutional kept",2016,167.908106706939,91211.6866703889,0.184086176712977
"Non-institutional kept",2017,145.891017218214,91211.6866703889,0.159947724402269
"Non-institutional kept",2018,319.581389851485,91211.6866703889,0.350373292631189
"Non-institutional kept",2019,92.0714651346658,91211.6866703889,0.100942618753871
"Non-institutional kept",2020,164.794578900453,91211.6866703889,0.180672658204392
"Non-institutional kept",2021,149.449334711342,91211.6866703889,0.16384888841208
"Non-institutional kept",2022,293.561193182992,91211.6866703889,0.321846030809443
"Non-institutional kept",2023,68.0528220560573,91211.6866703889,0.0746097616876435
"Non-institutional kept",2024,26.242591511813,91211.6866703889,0.0287710845723593
"Non-institutional sold / left",2015,257.088438878439,66019.6883984218,0.389411772632033
"Non-institutional sold / left",2016,260.424361528246,66019.6883984218,0.394464693557189
"Non-institutional sold / left",2017,193.928303375431,66019.6883984218,0.293743136449077
"Non-institutional sold / left",2018,552.873580494636,66019.6883984218,0.837437427995877
"Non-institutional sold / left",2019,98.0761259043179,66019.6883984218,0.14855587519959
"Non-institutional sold / left",2020,104.08078667397,66019.6883984218,0.157651132864871
"Non-institutional sold / left",2021,74.0574828257094,66019.6883984218,0.112174844538466
"Non-institutional sold / left",2022,91.6266754480249,66019.6883984218,0.138786894744288
"Non-institutional sold / left",2023,279.105528367163,66019.6883984218,0.422761050738063
"Non-institutional sold / left",2024,163.015420153889,66019.6883984218,0.24691940254263
"Heartlands (TRG to TNC)",2015,22.9066688620062,32579.0653876992,0.0703110067443956
"Heartlands (TRG to TNC)",2016,84.2876456184501,32579.0653876992,0.258717199574038
"Heartlands (TRG to TNC)",2017,228.399504090101,32579.0653876992,0.701062174043634
"Heartlands (TRG to TNC)",2018,257.7556234084,32579.0653876992,0.791169483657811
"Heartlands (TRG to TNC)",2019,420.326253875648,32579.0653876992,1.29017284220299
"Heartlands (TRG to TNC)",2020,733.013403584199,32579.0653876992,2.24995221582066
"Heartlands (TRG to TNC)",2021,636.938831269765,32579.0653876992,1.95505556617426
"Heartlands (TRG to TNC)",2022,155.453995480994,32579.0653876992,0.477159162275073
"Heartlands (TRG to TNC)",2023,0.444789686640898,32579.0653876992,0.00136526226688147
"Heartlands (TRG to TNC)",2024,0,32579.0653876992,0
"Songbird (TRG to Songbird, 2026)",2015,95.1849929411521,17236.4899367081,0.552229562345169
"Songbird (TRG to Songbird, 2026)",2016,77.8381951621571,17236.4899367081,0.451589595375723
"Songbird (TRG to Songbird, 2026)",2017,118.536451489799,17236.4899367081,0.687706440957886
"Songbird (TRG to Songbird, 2026)",2018,365.394727575497,17236.4899367081,2.11989058629232
"Songbird (TRG to Songbird, 2026)",2019,59.3794231665598,17236.4899367081,0.344498348472337
"Songbird (TRG to Songbird, 2026)",2020,8.00621435953616,17236.4899367081,0.04644921552436
"Songbird (TRG to Songbird, 2026)",2021,123.87392772949,17236.4899367081,0.718672584640793
"Songbird (TRG to Songbird, 2026)",2022,328.254788740982,17236.4899367081,1.90441783649876
"Songbird (TRG to Songbird, 2026)",2023,131.657747245706,17236.4899367081,0.763831544178365
"Songbird (TRG to Songbird, 2026)",2024,426.3309146453,17236.4899367081,2.47342072667217
