"zone","year","n_pixels","n_harvest_types","n_no_severity","zone_acres","acres","pct_of_zone","pct_harvest_types","pct_no_severity"
"Heartlands (TRG to TNC)",2010,1076,0,0,32579.0653876992,239.296851412803,0.734511099582229,0,0
"Heartlands (TRG to TNC)",2011,2058,0,0,32579.0653876992,457.688587553484,1.40485487262103,0,0
"Heartlands (TRG to TNC)",2012,1905,0,0,32579.0653876992,423.662176525455,1.3004123092046,0,0
"Heartlands (TRG to TNC)",2013,2114,0,0,32579.0653876992,470.142698779429,1.44308221609371,0,0
"Heartlands (TRG to TNC)",2014,287,0,0,32579.0653876992,63.8273200329688,0.19591513529749,0,0
"Heartlands (TRG to TNC)",2015,884,0,0,32579.0653876992,196.597041495277,0.603445921961608,0,0
"Heartlands (TRG to TNC)",2016,2532,0,0,32579.0653876992,563.103743287376,1.72842202987194,0,0
"Heartlands (TRG to TNC)",2017,2014,0,0,32579.0653876992,447.903214447384,1.37481910274964,0,0
"Heartlands (TRG to TNC)",2018,4825,0,0,32579.0653876992,1073.05511902117,3.29369521885154,0,0
"Heartlands (TRG to TNC)",2019,3072,0,0,32579.0653876992,683.196958680419,2.09704284192993,0,0
"Heartlands (TRG to TNC)",2020,6832,0,0,32579.0653876992,1519.40156956531,4.66373590366709,0,0
"Heartlands (TRG to TNC)",2021,10395,0,0,32579.0653876992,2311.79439631607,7.09595063211642,0,0
"Heartlands (TRG to TNC)",2022,1785,0,0,32579.0653876992,396.974795327001,1.21849657319171,0,0
"Heartlands (TRG to TNC)",2023,22,0,0,32579.0653876992,4.89268655304987,0.0150178849356961,0,0
"Heartlands (TRG to TNC)",2024,588,0,530,32579.0653876992,130.768167872424,0.401387106463151,0,90.1360544217687
"Heartlands (TRG to TNC)",2025,1078,0,1078,32579.0653876992,239.741641099444,0.73587636184911,0,100
"Lyme",2010,0,0,0,1696.20547000506,0,0,0,NA
"Lyme",2011,5,0,0,1696.20547000506,1.11197421660224,0.0655565753245051,0,0
"Lyme",2012,0,0,0,1696.20547000506,0,0,0,NA
"Lyme",2013,0,0,0,1696.20547000506,0,0,0,NA
"Lyme",2014,0,0,0,1696.20547000506,0,0,0,NA
"Lyme",2015,0,0,0,1696.20547000506,0,0,0,NA
"Lyme",2016,0,0,0,1696.20547000506,0,0,0,NA
"Lyme",2017,17,0,0,1696.20547000506,3.78071233644763,0.222892356103317,0,0
"Lyme",2018,12,0,0,1696.20547000506,2.66873811984539,0.157335780778812,0,0
"Lyme",2019,0,0,0,1696.20547000506,0,0,0,NA
"Lyme",2020,0,0,0,1696.20547000506,0,0,0,NA
"Lyme",2021,208,0,0,1696.20547000506,46.2581274106533,2.72715353349941,0,0
"Lyme",2022,24,0,0,1696.20547000506,5.33747623969077,0.314671561557624,0,0
"Lyme",2023,905,0,0,1696.20547000506,201.267333205006,11.8657401337354,0,0
"Lyme",2024,0,0,0,1696.20547000506,0,0,0,NA
"Lyme",2025,316,0,0,1696.20547000506,70.2767704892618,4.14317556050872,0,0
"MWF",2010,0,0,0,5415.75922453957,0,0,0,NA
"MWF",2011,101,0,0,5415.75922453957,22.4618791753653,0.414750328515112,0,0
"MWF",2012,106,0,0,5415.75922453957,23.5738533919676,0.435282522996058,0,0
"MWF",2013,154,0,0,5415.75922453957,34.2488058713491,0.632391590013141,0,0
"MWF",2014,311,0,0,5415.75922453957,69.1647962726596,1.27710249671485,0,0
"MWF",2015,11,0,0,5415.75922453957,2.44634327652494,0.0451708278580815,0,0
"MWF",2016,78,0,0,5415.75922453957,17.346797778995,0.32030223390276,0,0
"MWF",2017,0,0,0,5415.75922453957,0,0,0,NA
"MWF",2018,0,0,0,5415.75922453957,0,0,0,NA
"MWF",2019,0,0,0,5415.75922453957,0,0,0,NA
"MWF",2020,85,0,0,5415.75922453957,18.9035616822381,0.349047306176084,0,0
"MWF",2021,573,0,0,5415.75922453957,127.432245222617,2.35298948751643,0,0
"MWF",2022,4194,0,0,5415.75922453957,932.723972885962,17.2224047306176,0,0
"MWF",2023,4639,0,0,5415.75922453957,1031.68967816356,19.0497700394218,0,0
"MWF",2024,1825,0,0,5415.75922453957,405.870589059819,7.49425098554534,0,0
"MWF",2025,1625,0,0,5415.75922453957,361.391620395729,6.67296320630749,0,0
"Non-institutional kept",2010,9617,0,0,91211.6866703891,2138.77120821276,2.34484339264728,0,0
"Non-institutional kept",2011,19570,0,0,91211.6866703891,4352.26708378118,4.77161122950059,0,0
"Non-institutional kept",2012,10198,15,0,91211.6866703891,2267.98261218194,2.48650441075355,0.00365734125919821,0
"Non-institutional kept",2013,1801,2,0,91211.6866703891,400.533112820128,0.439124773854398,0.000487645501226428,0
"Non-institutional kept",2014,975,0,0,91211.6866703891,216.834972237438,0.237727181847883,0,0
"Non-institutional kept",2015,2734,24,0,91211.6866703891,608.027501638107,0.666611400176527,0.00585174601471713,0
"Non-institutional kept",2016,7325,20,0,91211.6866703891,1629.04222732229,1.78600164824179,0.00487645501226428,0
"Non-institutional kept",2017,7844,11,0,91211.6866703891,1744.4651510056,1.91254565581005,0.00268205025674535,0
"Non-institutional kept",2018,6036,12,0,91211.6866703891,1342.37527428223,1.47171412270136,0.00292587300735857,0
"Non-institutional kept",2019,8380,0,0,91211.6866703891,1863.66878702536,2.04323465013873,0,0
"Non-institutional kept",2020,7067,0,0,91211.6866703891,1571.66435774561,1.72309537858358,0,0
"Non-institutional kept",2021,13823,0,0,91211.6866703891,3074.16391921856,3.37036188172645,0,0
"Non-institutional kept",2022,14360,0,0,91211.6866703891,3193.58995008164,3.50129469880575,0,0
"Non-institutional kept",2023,13428,19,0,91211.6866703891,2986.31795610699,3.27405189523423,0.00463263226165106,0
"Non-institutional kept",2024,2333,45,45,91211.6866703891,518.847169466607,0.568838477180628,0.0109720237775946,1.92884697813973
"Non-institutional kept",2025,9783,55,2927,91211.6866703891,2175.68875220395,2.38531796924907,0.0134102512837268,29.9192476745375
"Non-institutional sold / left",2010,1917,0,0,66019.6883984217,426.3309146453,0.645763294234955,0,0
"Non-institutional sold / left",2011,5200,0,0,66019.6883984217,1156.45318526633,1.75167925405413,0,0
"Non-institutional sold / left",2012,6147,2,0,66019.6883984217,1367.0611018908,2.07068699512899,0.000673722790020819,0
"Non-institutional sold / left",2013,982,46,0,66019.6883984217,218.391736140681,0.330797889900222,0.0154956241704788,0
"Non-institutional sold / left",2014,1286,0,0,66019.6883984217,285.999768510097,0.433203753983387,0,0
"Non-institutional sold / left",2015,3466,0,0,66019.6883984217,770.820526948675,1.16756159510608,0,0
"Non-institutional sold / left",2016,3604,0,0,66019.6883984217,801.511015326897,1.21404846761752,0,0
"Non-institutional sold / left",2017,4444,285,0,66019.6883984217,988.322683716074,1.49701203942626,0.0960054975779667,0
"Non-institutional sold / left",2018,6118,49,0,66019.6883984217,1360.61165143451,2.06091801467369,0.0165062083555101,0
"Non-institutional sold / left",2019,3805,20,0,66019.6883984217,846.212378834308,1.28175760801461,0.00673722790020819,0
"Non-institutional sold / left",2020,1887,0,0,66019.6883984217,419.659069345687,0.635657452384643,0,0
"Non-institutional sold / left",2021,4081,8,0,66019.6883984217,907.593355590751,1.37473135303748,0.00269489116008328,0
"Non-institutional sold / left",2022,3972,32,0,66019.6883984217,883.352317668823,1.33801346098135,0.0107795646403331,0
"Non-institutional sold / left",2023,4616,10,0,66019.6883984217,1026.57459676719,1.55495219936805,0.0033686139501041,0
"Non-institutional sold / left",2024,4940,165,436,66019.6883984217,1098.63052600302,1.66409529135142,0.0555821301767176,8.82591093117409
"Non-institutional sold / left",2025,9795,156,679,66019.6883984217,2178.3574903238,3.29955736412696,0.0525503776216239,6.93210821847882
"Songbird (TRG to Songbird, 2026)",2010,4054,0,0,17236.4899367081,901.588694821099,5.23069777043766,0,0
"Songbird (TRG to Songbird, 2026)",2011,2296,0,0,17236.4899367081,510.61856026375,2.96242774566474,0,0
"Songbird (TRG to Songbird, 2026)",2012,772,0,0,17236.4899367081,171.688819043386,0.996077621800166,0,0
"Songbird (TRG to Songbird, 2026)",2013,391,0,0,17236.4899367081,86.9563837382955,0.504490090834022,0,0
"Songbird (TRG to Songbird, 2026)",2014,856,0,0,17236.4899367081,190.369985882304,1.10445912469034,0,0
"Songbird (TRG to Songbird, 2026)",2015,2343,0,0,17236.4899367081,521.071117899811,3.02306977704377,0,0
"Songbird (TRG to Songbird, 2026)",2016,1306,0,0,17236.4899367081,290.447665376506,1.68507431874484,0,0
"Songbird (TRG to Songbird, 2026)",2017,2756,0,0,17236.4899367081,612.920188191157,3.55594549958712,0,0
"Songbird (TRG to Songbird, 2026)",2018,2819,0,0,17236.4899367081,626.931063320345,3.63723162675475,0,0
"Songbird (TRG to Songbird, 2026)",2019,1029,0,0,17236.4899367081,228.844293776742,1.32767341040462,0,0
"Songbird (TRG to Songbird, 2026)",2020,15,0,0,17236.4899367081,3.33592264980673,0.0193538398018167,0,0
"Songbird (TRG to Songbird, 2026)",2021,1306,0,0,17236.4899367081,290.447665376506,1.68507431874484,0,0
"Songbird (TRG to Songbird, 2026)",2022,1717,0,0,17236.4899367081,381.851945981211,2.21536952931462,0,0
"Songbird (TRG to Songbird, 2026)",2023,1306,0,0,17236.4899367081,290.447665376506,1.68507431874484,0,0
"Songbird (TRG to Songbird, 2026)",2024,4526,0,420,17236.4899367081,1006.55906086835,5.83969859620149,0,9.27971718957136
"Songbird (TRG to Songbird, 2026)",2025,9797,0,358,17236.4899367081,2178.80228001044,12.6406379025599,0,3.65417985097479
"TRG other sale / left CFP",2010,1056,0,0,17470.2269170378,234.848954546394,1.34428107695245,0,0
"TRG other sale / left CFP",2011,1582,0,0,17470.2269170378,351.82864213295,2.01387562854051,0,0
"TRG other sale / left CFP",2012,623,0,0,17470.2269170378,138.55198738864,0.793074915664185,0,0
"TRG other sale / left CFP",2013,785,0,0,17470.2269170378,174.579952006552,0.999299853605754,0,0
"TRG other sale / left CFP",2014,421,0,0,17470.2269170378,93.6282290379089,0.535930239959264,0,0
"TRG other sale / left CFP",2015,549,0,0,17470.2269170378,122.094768982926,0.698873400801986,0,0
"TRG other sale / left CFP",2016,790,0,0,17470.2269170378,175.691926223155,1.00566482082617,0,0
"TRG other sale / left CFP",2017,1840,0,0,17470.2269170378,409.206511709626,2.34230793711412,0,0
"TRG other sale / left CFP",2018,2654,0,0,17470.2269170378,590.235914172471,3.37852460059831,0,0
"TRG other sale / left CFP",2019,1483,0,0,17470.2269170378,329.811552644226,1.88784927757622,0,0
"TRG other sale / left CFP",2020,418,0,0,17470.2269170378,92.9610445079476,0.532111259627013,0,0
"TRG other sale / left CFP",2021,2056,0,0,17470.2269170378,457.243797866843,2.61727452103622,0,0
"TRG other sale / left CFP",2022,1830,0,0,17470.2269170378,406.982563276421,2.32957800267329,0,0
"TRG other sale / left CFP",2023,232,0,0,17470.2269170378,51.5956036503441,0.295334479027433,0,0
"TRG other sale / left CFP",2024,1376,0,1095,17470.2269170378,306.015304408938,1.75163897905926,0,79.578488372093
"TRG other sale / left CFP",2025,1790,0,1682,17470.2269170378,398.086769543603,2.27865826490994,0,93.9664804469274
"TRG/Verdant retained",2010,8371,0,0,100642.784791079,1861.66723343548,1.849777147264,0,0
"TRG/Verdant retained",2011,6214,0,0,100642.784791079,1381.96155639327,1.37313525183353,0,0
"TRG/Verdant retained",2012,11577,0,0,100642.784791079,2574.66510112084,2.55822124404197,0,0
"TRG/Verdant retained",2013,2153,0,0,100642.784791079,478.816097668926,0.475757997617894,0,0
"TRG/Verdant retained",2014,2616,0,0,100642.784791079,581.784910126294,0.578069169423321,0,0
"TRG/Verdant retained",2015,6789,0,0,100642.784791079,1509.83859130253,1.50019556239103,0,0
"TRG/Verdant retained",2016,12299,0,0,100642.784791079,2735.2341779982,2.71776479921156,0,0
"TRG/Verdant retained",2017,12451,0,0,100642.784791079,2769.03819418291,2.75135291608936,0,0
"TRG/Verdant retained",2018,5401,0,0,100642.784791079,1201.15454877374,1.19348302142789,0,0
"TRG/Verdant retained",2019,11897,0,0,100642.784791079,2645.83145098338,2.62893306904788,0,0
"TRG/Verdant retained",2020,10691,0,0,100642.784791079,2377.62326993892,2.36243787855685,0,0
"TRG/Verdant retained",2021,13794,0,0,100642.784791079,3067.71446876227,3.04812160666105,0,0
"TRG/Verdant retained",2022,15060,0,0,100642.784791079,3349.26634040596,3.32787526434068,0,0
"TRG/Verdant retained",2023,23380,0,0,100642.784791079,5199.59143683209,5.16638271449436,0,0
"TRG/Verdant retained",2024,8535,0,32,100642.784791079,1898.13998774003,1.88601695757953,0,0.374926772114821
"TRG/Verdant retained",2025,14198,0,5326,100642.784791079,3157.56198546373,3.13739528573101,0,37.5123256796732
