"zone","year","type_group","n_pixels","acres","pct_of_zone"
"Heartlands (TRG to TNC)",2010,"Unknown",1076,239.296851412803,0.734511099582229
"Heartlands (TRG to TNC)",2011,"Unknown",2058,457.688587553484,1.40485487262103
"Heartlands (TRG to TNC)",2012,"Unknown",1905,423.662176525455,1.3004123092046
"Heartlands (TRG to TNC)",2013,"Unknown",2114,470.142698779429,1.44308221609371
"Heartlands (TRG to TNC)",2014,"Unknown",287,63.8273200329688,0.19591513529749
"Heartlands (TRG to TNC)",2015,"Unknown",884,196.597041495277,0.603445921961608
"Heartlands (TRG to TNC)",2016,"Unknown",2532,563.103743287376,1.72842202987194
"Heartlands (TRG to TNC)",2017,"Insects or disease",124,27.5769605717357,0.0846462605466509
"Heartlands (TRG to TNC)",2017,"Unknown",1890,420.326253875648,1.29017284220299
"Heartlands (TRG to TNC)",2018,"Unknown",4825,1073.05511902117,3.29369521885154
"Heartlands (TRG to TNC)",2019,"Unknown",3072,683.196958680419,2.09704284192993
"Heartlands (TRG to TNC)",2020,"Unknown",6832,1519.40156956531,4.66373590366709
"Heartlands (TRG to TNC)",2021,"Unknown",10395,2311.79439631607,7.09595063211642
"Heartlands (TRG to TNC)",2022,"Unknown",1785,396.974795327001,1.21849657319171
"Heartlands (TRG to TNC)",2023,"Unknown",22,4.89268655304987,0.0150178849356961
"Heartlands (TRG to TNC)",2024,"Insects or disease",588,130.768167872424,0.401387106463151
"Heartlands (TRG to TNC)",2025,"Insects or disease",1078,239.741641099444,0.73587636184911
"Lyme",2011,"Unknown",5,1.11197421660224,0.0655565753245051
"Lyme",2017,"Unknown",17,3.78071233644763,0.222892356103317
"Lyme",2018,"Unknown",12,2.66873811984539,0.157335780778812
"Lyme",2021,"Unknown",208,46.2581274106533,2.72715353349941
"Lyme",2022,"Unknown",24,5.33747623969077,0.314671561557624
"Lyme",2023,"Unknown",905,201.267333205006,11.8657401337354
"Lyme",2025,"Unknown",316,70.2767704892618,4.14317556050872
"MWF",2011,"Unknown",101,22.4618791753653,0.414750328515112
"MWF",2012,"Unknown",106,23.5738533919676,0.435282522996058
"MWF",2013,"Unknown",154,34.2488058713491,0.632391590013141
"MWF",2014,"Unknown",311,69.1647962726596,1.27710249671485
"MWF",2015,"Unknown",11,2.44634327652494,0.0451708278580815
"MWF",2016,"Unknown",78,17.346797778995,0.32030223390276
"MWF",2020,"Unknown",85,18.9035616822381,0.349047306176084
"MWF",2021,"Unknown",573,127.432245222617,2.35298948751643
"MWF",2022,"Unknown",4194,932.723972885962,17.2224047306176
"MWF",2023,"Insects or disease",504,112.087001033506,2.06964520367937
"MWF",2023,"Unknown",4135,919.602677130056,16.9801248357425
"MWF",2024,"Unknown",1825,405.870589059819,7.49425098554534
"MWF",2025,"Unknown",1625,361.391620395729,6.67296320630749
"Non-institutional kept",2010,"Unknown",9617,2138.77120821276,2.34484339264728
"Non-institutional kept",2011,"Other",6,1.33436905992269,0.00146293650367928
"Non-institutional kept",2011,"Unknown",19564,4350.93271472126,4.77014829299691
"Non-institutional kept",2012,"Clearcut",3,0.667184529961346,0.000731468251839641
"Non-institutional kept",2012,"Thinning",12,2.66873811984539,0.00292587300735857
"Non-institutional kept",2012,"Unknown",10183,2264.64668953213,2.48284706949436
"Non-institutional kept",2013,"Other",39,8.6733988894975,0.00950908727391534
"Non-institutional kept",2013,"Other mechanical",4,0.889579373281795,0.000975291002452855
"Non-institutional kept",2013,"Thinning",2,0.444789686640898,0.000487645501226428
"Non-institutional kept",2013,"Unknown",1756,390.525344870708,0.428152750076803
"Non-institutional kept",2014,"Other mechanical",4,0.889579373281795,0.000975291002452855
"Non-institutional kept",2014,"Unknown",971,215.945392864156,0.236751890845431
"Non-institutional kept",2015,"Thinning",24,5.33747623969077,0.00585174601471713
"Non-institutional kept",2015,"Unknown",2710,602.690025398416,0.660759654161809
"Non-institutional kept",2016,"Thinning",20,4.44789686640898,0.00487645501226428
"Non-institutional kept",2016,"Unknown",7305,1624.59433045588,1.78112519322953
"Non-institutional kept",2017,"Thinning",11,2.44634327652494,0.00268205025674535
"Non-institutional kept",2017,"Unknown",7833,1742.01880772908,1.9098636055533
"Non-institutional kept",2018,"Thinning",12,2.66873811984539,0.00292587300735857
"Non-institutional kept",2018,"Unknown",6024,1339.70653616238,1.468788249694
"Non-institutional kept",2019,"Insects or disease",63,14.0108751291883,0.0153608332886325
"Non-institutional kept",2019,"Unknown",8317,1849.65791189617,2.0278738168501
"Non-institutional kept",2020,"Unknown",7067,1571.66435774561,1.72309537858358
"Non-institutional kept",2021,"Insects or disease",830,184.587719955972,0.202372883008967
"Non-institutional kept",2021,"Unknown",12993,2889.57619926259,3.16798899871749
"Non-institutional kept",2022,"Unknown",14360,3193.58995008164,3.50129469880575
"Non-institutional kept",2023,"Insects or disease",4560,1014.12048554125,1.11183174279625
"Non-institutional kept",2023,"Thinning",19,4.22550202308853,0.00463263226165106
"Non-institutional kept",2023,"Unknown",8849,1967.97196854265,2.15758752017633
"Non-institutional kept",2024,"Thinning",45,10.0077679494202,0.0109720237775946
"Non-institutional kept",2024,"Unknown",2288,508.839401517187,0.557866453403033
"Non-institutional kept",2025,"Clearcut",7,1.55676390324314,0.0017067592542925
"Non-institutional kept",2025,"Insects or disease",2877,639.829964232931,0.701478053514216
"Non-institutional kept",2025,"Thinning",48,10.6749524793815,0.0117034920294343
"Non-institutional kept",2025,"Unknown",6851,1523.62707158839,1.67042966445113
"Non-institutional sold / left",2010,"Other",8,1.77915874656359,0.00269489116008328
"Non-institutional sold / left",2010,"Unknown",1909,424.551755898737,0.643068403074872
"Non-institutional sold / left",2011,"Unknown",5200,1156.45318526633,1.75167925405413
"Non-institutional sold / left",2012,"Thinning",2,0.444789686640898,0.000673722790020819
"Non-institutional sold / left",2012,"Unknown",6145,1366.61631220416,2.07001327233897
"Non-institutional sold / left",2013,"Other",35,7.78381951621571,0.0117901488253643
"Non-institutional sold / left",2013,"Thinning",46,10.2301627927406,0.0154956241704788
"Non-institutional sold / left",2013,"Unknown",901,200.377753831724,0.303512116904379
"Non-institutional sold / left",2014,"Other mechanical",16,3.55831749312718,0.00538978232016655
"Non-institutional sold / left",2014,"Unknown",1270,282.44145101697,0.42781397166322
"Non-institutional sold / left",2015,"Unknown",3466,770.820526948675,1.16756159510608
"Non-institutional sold / left",2016,"Unknown",3604,801.511015326897,1.21404846761752
"Non-institutional sold / left",2017,"Insects or disease",445,98.9657052775997,0.149903320779632
"Non-institutional sold / left",2017,"Thinning",285,63.3825303463279,0.0960054975779667
"Non-institutional sold / left",2017,"Unknown",3714,825.974448092147,1.25110322106866
"Non-institutional sold / left",2018,"Insects or disease",184,40.9206511709626,0.0619824966819154
"Non-institutional sold / left",2018,"Thinning",49,10.897347322702,0.0165062083555101
"Non-institutional sold / left",2018,"Unknown",5885,1308.79365294084,1.98242930963626
"Non-institutional sold / left",2019,"Insects or disease",656,145.891017218214,0.220981075126829
"Non-institutional sold / left",2019,"Thinning",20,4.44789686640898,0.00673722790020819
"Non-institutional sold / left",2019,"Unknown",3129,695.873464749684,1.05403930498757
"Non-institutional sold / left",2020,"Unknown",1887,419.659069345687,0.635657452384643
"Non-institutional sold / left",2021,"Insects or disease",281,62.4929509730461,0.0946580519979251
"Non-institutional sold / left",2021,"Other",56,12.4541112259451,0.0188642381205829
"Non-institutional sold / left",2021,"Thinning",8,1.77915874656359,0.00269489116008328
"Non-institutional sold / left",2021,"Unknown",3736,830.867134645197,1.25851417175889
"Non-institutional sold / left",2022,"Insects or disease",55,12.2317163826247,0.0185273767255725
"Non-institutional sold / left",2022,"Thinning",32,7.11663498625436,0.0107795646403331
"Non-institutional sold / left",2022,"Unknown",3885,864.003966299943,1.30870651961544
"Non-institutional sold / left",2023,"Insects or disease",655,145.668622374894,0.220644213731818
"Non-institutional sold / left",2023,"Thinning",10,2.22394843320449,0.0033686139501041
"Non-institutional sold / left",2023,"Unknown",3951,878.682025959093,1.33093937168613
"Non-institutional sold / left",2024,"Clearcut",15,3.33592264980673,0.00505292092515614
"Non-institutional sold / left",2024,"Insects or disease",271,60.2690025398416,0.091289438047821
"Non-institutional sold / left",2024,"Thinning",150,33.3592264980673,0.0505292092515614
"Non-institutional sold / left",2024,"Unknown",4504,1001.6663743153,1.51722372312689
"Non-institutional sold / left",2025,"Clearcut",19,4.22550202308853,0.00640036650519778
"Non-institutional sold / left",2025,"Insects or disease",527,117.202082429877,0.177525955170486
"Non-institutional sold / left",2025,"Thinning",137,30.4680935349015,0.0461500111164261
"Non-institutional sold / left",2025,"Unknown",9112,2026.46181233593,3.06948103133485
"Songbird (TRG to Songbird, 2026)",2010,"Unknown",4054,901.588694821099,5.23069777043766
"Songbird (TRG to Songbird, 2026)",2011,"Unknown",2296,510.61856026375,2.96242774566474
"Songbird (TRG to Songbird, 2026)",2012,"Unknown",772,171.688819043386,0.996077621800166
"Songbird (TRG to Songbird, 2026)",2013,"Unknown",391,86.9563837382955,0.504490090834022
"Songbird (TRG to Songbird, 2026)",2014,"Unknown",856,190.369985882304,1.10445912469034
"Songbird (TRG to Songbird, 2026)",2015,"Unknown",2343,521.071117899811,3.02306977704377
"Songbird (TRG to Songbird, 2026)",2016,"Unknown",1306,290.447665376506,1.68507431874484
"Songbird (TRG to Songbird, 2026)",2017,"Insects or disease",403,89.6251218581409,0.519973162675475
"Songbird (TRG to Songbird, 2026)",2017,"Unknown",2353,523.295066333016,3.03597233691165
"Songbird (TRG to Songbird, 2026)",2018,"Unknown",2819,626.931063320345,3.63723162675475
"Songbird (TRG to Songbird, 2026)",2019,"Insects or disease",514,114.310949466711,0.663191577208919
"Songbird (TRG to Songbird, 2026)",2019,"Unknown",515,114.533344310031,0.664481833195706
"Songbird (TRG to Songbird, 2026)",2020,"Unknown",15,3.33592264980673,0.0193538398018167
"Songbird (TRG to Songbird, 2026)",2021,"Unknown",1306,290.447665376506,1.68507431874484
"Songbird (TRG to Songbird, 2026)",2022,"Unknown",1717,381.851945981211,2.21536952931462
"Songbird (TRG to Songbird, 2026)",2023,"Unknown",1306,290.447665376506,1.68507431874484
"Songbird (TRG to Songbird, 2026)",2024,"Insects or disease",420,93.4058341945885,0.541907514450867
"Songbird (TRG to Songbird, 2026)",2024,"Unknown",4106,913.153226673763,5.29779108175062
"Songbird (TRG to Songbird, 2026)",2025,"Insects or disease",358,79.6173539087207,0.461911643270025
"Songbird (TRG to Songbird, 2026)",2025,"Unknown",9439,2099.18492610172,12.1787262592898
"TRG other sale / left CFP",2010,"Unknown",1056,234.848954546394,1.34428107695245
"TRG other sale / left CFP",2011,"Unknown",1582,351.82864213295,2.01387562854051
"TRG other sale / left CFP",2012,"Unknown",623,138.55198738864,0.793074915664185
"TRG other sale / left CFP",2013,"Unknown",785,174.579952006552,0.999299853605754
"TRG other sale / left CFP",2014,"Unknown",421,93.6282290379089,0.535930239959264
"TRG other sale / left CFP",2015,"Unknown",549,122.094768982926,0.698873400801986
"TRG other sale / left CFP",2016,"Unknown",790,175.691926223155,1.00566482082617
"TRG other sale / left CFP",2017,"Insects or disease",77,17.1244029356746,0.0980204951944498
"TRG other sale / left CFP",2017,"Unknown",1763,392.082108773951,2.24428744191968
"TRG other sale / left CFP",2018,"Unknown",2654,590.235914172471,3.37852460059831
"TRG other sale / left CFP",2019,"Insects or disease",737,163.904999527171,0.938196168289734
"TRG other sale / left CFP",2019,"Unknown",746,165.906553117055,0.949653109286488
"TRG other sale / left CFP",2020,"Unknown",418,92.9610445079476,0.532111259627013
"TRG other sale / left CFP",2021,"Unknown",2056,457.243797866843,2.61727452103622
"TRG other sale / left CFP",2022,"Unknown",1830,406.982563276421,2.32957800267329
"TRG other sale / left CFP",2023,"Unknown",232,51.5956036503441,0.295334479027433
"TRG other sale / left CFP",2024,"Insects or disease",1095,243.522353435891,1.39392782127172
"TRG other sale / left CFP",2024,"Unknown",281,62.4929509730461,0.357711157787538
"TRG other sale / left CFP",2025,"Insects or disease",1682,374.068126464995,2.14117497294889
"TRG other sale / left CFP",2025,"Unknown",108,24.0186430786085,0.137483291961046
"TRG/Verdant retained",2010,"Unknown",8371,1861.66723343548,1.849777147264
"TRG/Verdant retained",2011,"Unknown",6214,1381.96155639327,1.37313525183353
"TRG/Verdant retained",2012,"Unknown",11577,2574.66510112084,2.55822124404197
"TRG/Verdant retained",2013,"Unknown",2153,478.816097668926,0.475757997617894
"TRG/Verdant retained",2014,"Unknown",2616,581.784910126294,0.578069169423321
"TRG/Verdant retained",2015,"Unknown",6789,1509.83859130253,1.50019556239103
"TRG/Verdant retained",2016,"Unknown",12299,2735.2341779982,2.71776479921156
"TRG/Verdant retained",2017,"Insects or disease",3,0.667184529961346,0.000662923359430415
"TRG/Verdant retained",2017,"Unknown",12448,2768.37100965295,2.75068999272993
"TRG/Verdant retained",2018,"Unknown",5401,1201.15454877374,1.19348302142789
"TRG/Verdant retained",2019,"Insects or disease",591,131.435352402385,0.130595901807792
"TRG/Verdant retained",2019,"Unknown",11306,2514.39609858099,2.49833716724009
"TRG/Verdant retained",2020,"Unknown",10691,2377.62326993892,2.36243787855685
"TRG/Verdant retained",2021,"Unknown",13794,3067.71446876227,3.04812160666105
"TRG/Verdant retained",2022,"Unknown",15060,3349.26634040596,3.32787526434068
"TRG/Verdant retained",2023,"Insects or disease",2601,578.448987476487,0.574754552626169
"TRG/Verdant retained",2023,"Unknown",20779,4621.14244935561,4.59162816186819
"TRG/Verdant retained",2024,"Insects or disease",32,7.11663498625436,0.00707118250059109
"TRG/Verdant retained",2024,"Unknown",8503,1891.02335275378,1.87894577507894
"TRG/Verdant retained",2025,"Insects or disease",5326,1184.47493552471,1.17690993744213
"TRG/Verdant retained",2025,"Unknown",8872,1973.08704993902,1.96048534828888
