"zone","year","n","acres","zone_acres","pct_of_zone"
"Heartlands (TRG to TNC)",2013,3812,847.769142737551,32579.0653876992,2.60218988067607
"Heartlands (TRG to TNC)",2014,3362,747.691463243349,32579.0653876992,2.29500587062775
"Heartlands (TRG to TNC)",2015,1045,232.402611269869,32579.0653876992,0.713349534445566
"Heartlands (TRG to TNC)",2016,1244,276.659185090638,32579.0653876992,0.849193130000272
"Heartlands (TRG to TNC)",2017,1496,332.702685607391,32579.0653876992,1.02121617562734
"Heartlands (TRG to TNC)",2018,3706,824.195289345583,32579.0653876992,2.52983098053136
"Heartlands (TRG to TNC)",2019,3352,745.467514810144,32579.0653876992,2.28817955929334
"Heartlands (TRG to TNC)",2020,4917,1093.51544460665,32579.0653876992,3.35649728312809
"Heartlands (TRG to TNC)",2021,2878,640.052359076252,32579.0653876992,1.96461240204243
"Heartlands (TRG to TNC)",2022,430,95.629782627793,32579.0653876992,0.293531387379515
"Heartlands (TRG to TNC)",2023,257,57.1554747333553,32579.0653876992,0.175436201294268
"Heartlands (TRG to TNC)",2024,703,156.343574854275,32579.0653876992,0.479889686808835
"Heartlands (TRG to TNC)",2025,834,185.477299329254,32579.0653876992,0.569314365289572
"Lyme",2013,3,0.667184529961346,1696.20547000506,0.039333945194703
"Lyme",2014,7,1.55676390324314,1696.20547000506,0.0917792054543071
"Lyme",2015,3,0.667184529961346,1696.20547000506,0.039333945194703
"Lyme",2016,3,0.667184529961346,1696.20547000506,0.039333945194703
"Lyme",2017,1,0.222394843320449,1696.20547000506,0.013111315064901
"Lyme",2018,1,0.222394843320449,1696.20547000506,0.013111315064901
"Lyme",2019,147,32.692041968106,1696.20547000506,1.92736331454045
"Lyme",2020,4,0.889579373281795,1696.20547000506,0.052445260259604
"Lyme",2021,74,16.4572184057132,1696.20547000506,0.970237314802675
"Lyme",2022,10,2.22394843320449,1696.20547000506,0.13111315064901
"Lyme",2023,94,20.9051152721222,1696.20547000506,1.23246361610069
"Lyme",2024,68,15.1228493457905,1696.20547000506,0.891569424413269
"Lyme",2025,86,19.1259565255586,1696.20547000506,1.12757309558149
"MWF",2013,285,63.3825303463279,5415.75922453957,1.17033508541393
"MWF",2014,330,73.3902982957481,5415.75922453957,1.35512483574244
"MWF",2015,10,2.22394843320449,5415.75922453957,0.0410643889618923
"MWF",2016,23,5.11508139637032,5415.75922453957,0.0944480946123522
"MWF",2017,18,4.00310717976808,5415.75922453957,0.0739159001314061
"MWF",2018,35,7.78381951621571,5415.75922453957,0.143725361366623
"MWF",2019,55,12.2317163826247,5415.75922453957,0.225854139290407
"MWF",2020,98,21.794694645404,5415.75922453957,0.402431011826544
"MWF",2021,337,74.9470621989912,5415.75922453957,1.38386990801577
"MWF",2022,452,100.522469180843,5415.75922453957,1.85611038107753
"MWF",2023,1693,376.51446974152,5415.75922453957,6.95220105124836
"MWF",2024,1134,252.195752325389,5415.75922453957,4.65670170827858
"MWF",2025,2463,547.758499098265,5415.75922453957,10.1141590013141
"Non-institutional kept",2013,3252,723.228030478099,91211.6866703891,0.792911584994171
"Non-institutional kept",2014,2387,530.856491005911,91211.6866703891,0.582004905713741
"Non-institutional kept",2015,2267,504.169109807457,91211.6866703891,0.552746175640156
"Non-institutional kept",2016,3337,742.131592160338,91211.6866703891,0.813636518796295
"Non-institutional kept",2017,2332,518.624774623287,91211.6866703891,0.568594654430015
"Non-institutional kept",2018,5467,1215.83260843289,91211.6866703891,1.33297897760244
"Non-institutional kept",2019,4383,974.756598273527,91211.6866703891,1.06867511593772
"Non-institutional kept",2020,4708,1047.03492235267,91211.6866703891,1.14791750988701
"Non-institutional kept",2021,2751,611.808213974555,91211.6866703891,0.670756386936951
"Non-institutional kept",2022,1403,312.01996517859,91211.6866703891,0.342083319110339
"Non-institutional kept",2023,2880,640.497148762892,91211.6866703891,0.702209521766056
"Non-institutional kept",2024,2670,593.794231665598,91211.6866703891,0.651006744137281
"Non-institutional kept",2025,5651,1256.75325960386,91211.6866703891,1.37784236371527
"Non-institutional sold / left",2013,2272,505.28108402406,66019.6883984217,0.765349089463651
"Non-institutional sold / left",2014,3393,754.585703386283,66019.6883984217,1.14297071327032
"Non-institutional sold / left",2015,2939,653.618444518799,66019.6883984217,0.990035639935594
"Non-institutional sold / left",2016,2639,586.899991522664,66019.6883984217,0.888977221432471
"Non-institutional sold / left",2017,2444,543.532997075177,66019.6883984217,0.823289249405441
"Non-institutional sold / left",2018,4748,1055.93071608549,66019.6883984217,1.59941790350942
"Non-institutional sold / left",2019,3494,777.047582561648,66019.6883984217,1.17699371416637
"Non-institutional sold / left",2020,2374,527.965358042745,66019.6883984217,0.799708951754712
"Non-institutional sold / left",2021,1797,399.643533446846,66019.6883984217,0.605339926833706
"Non-institutional sold / left",2022,819,182.141376679448,66019.6883984217,0.275889482513525
"Non-institutional sold / left",2023,2211,491.714998581512,66019.6883984217,0.744800544368016
"Non-institutional sold / left",2024,2901,645.167440472622,66019.6883984217,0.977234906925198
"Non-institutional sold / left",2025,5873,1306.124914821,66019.6883984217,1.97838697289614
"Songbird (TRG to Songbird, 2026)",2013,1507,335.149028883916,17236.4899367081,1.94441577208918
"Songbird (TRG to Songbird, 2026)",2014,2131,473.923411115876,17236.4899367081,2.74953550784476
"Songbird (TRG to Songbird, 2026)",2015,1140,253.530121385312,17236.4899367081,1.47089182493807
"Songbird (TRG to Songbird, 2026)",2016,764,169.909660296823,17236.4899367081,0.985755573905863
"Songbird (TRG to Songbird, 2026)",2017,975,216.834972237438,17236.4899367081,1.25799958711808
"Songbird (TRG to Songbird, 2026)",2018,2317,515.28885197348,17236.4899367081,2.98952312138728
"Songbird (TRG to Songbird, 2026)",2019,762,169.464870610182,17236.4899367081,0.983175061932288
"Songbird (TRG to Songbird, 2026)",2020,120,26.6873811984539,17236.4899367081,0.154830718414534
"Songbird (TRG to Songbird, 2026)",2021,354,78.7277745354389,17236.4899367081,0.456750619322874
"Songbird (TRG to Songbird, 2026)",2022,682,151.673283144546,17236.4899367081,0.879954582989266
"Songbird (TRG to Songbird, 2026)",2023,918,204.158466168172,17236.4899367081,1.18445499587118
"Songbird (TRG to Songbird, 2026)",2024,3281,729.677480934393,17236.4899367081,4.2333298926507
"Songbird (TRG to Songbird, 2026)",2025,7478,1663.06863835032,17236.4899367081,9.64853426919901
"TRG other sale / left CFP",2013,2297,510.840955107071,17470.2269170378,2.9240659410604
"TRG other sale / left CFP",2014,1382,307.34967346886,17470.2269170378,1.75927693972376
"TRG other sale / left CFP",2015,602,133.88169567891,17470.2269170378,0.766342053338426
"TRG other sale / left CFP",2016,623,138.55198738864,17470.2269170378,0.793074915664185
"TRG other sale / left CFP",2017,1290,286.889347883379,17470.2269170378,1.64216154286806
"TRG other sale / left CFP",2018,1888,419.881464189007,17470.2269170378,2.40341162243015
"TRG other sale / left CFP",2019,1035,230.178662836665,17470.2269170378,1.3175482146267
"TRG other sale / left CFP",2020,556,123.65153288617,17470.2269170378,0.707784354910572
"TRG other sale / left CFP",2021,468,104.08078667397,17470.2269170378,0.595760931831201
"TRG other sale / left CFP",2022,806,179.250243716282,17470.2269170378,1.02603271593151
"TRG other sale / left CFP",2023,382,84.9548301484114,17470.2269170378,0.486283495639998
"TRG other sale / left CFP",2024,719,159.901892347403,17470.2269170378,0.915282286296226
"TRG other sale / left CFP",2025,409,90.9594909180636,17470.2269170378,0.520654318630259
"TRG/Verdant retained",2013,6850,1523.40467674507,100642.784791079,1.51367500403278
"TRG/Verdant retained",2014,5168,1149.33655028008,100642.784791079,1.14199597384546
"TRG/Verdant retained",2015,4391,976.535757020091,100642.784791079,0.970298823752984
"TRG/Verdant retained",2016,6519,1449.79198360601,100642.784791079,1.44053246004229
"TRG/Verdant retained",2017,4851,1078.8373849475,100642.784791079,1.07194707219898
"TRG/Verdant retained",2018,5837,1298.11870046146,100642.784791079,1.28982788299844
"TRG/Verdant retained",2019,11501,2557.76309302848,100642.784791079,2.54142718560307
"TRG/Verdant retained",2020,7632,1697.31744422167,100642.784791079,1.68647702639097
"TRG/Verdant retained",2021,4933,1097.07376209977,100642.784791079,1.09006697735675
"TRG/Verdant retained",2022,5755,1279.88232330918,100642.784791079,1.27170797784068
"TRG/Verdant retained",2023,15920,3540.52590566154,100642.784791079,3.51791329404407
"TRG/Verdant retained",2024,7430,1652.39368587093,100642.784791079,1.64184018685599
"TRG/Verdant retained",2025,11063,2460.35415165412,100642.784791079,2.44464037512623
