"footprint","bin","acres_2020","acres_2025","change_acres"
"American Songbird","0–10%",298.898669422683,2024.46025874605,1725.56158932336
"American Songbird","10–20%",149.004545024701,149.671729554662,0.667184529961332
"American Songbird","20–30%",244.856722495814,273.323262440832,28.4665399450174
"American Songbird","30–40%",308.461647685462,312.909544551871,4.44789686640894
"American Songbird","40–50%",390.302950027388,275.102421187395,-115.200528839993
"American Songbird","50–60%",722.116056261497,534.414808499038,-187.701247762459
"American Songbird","60–70%",1733.34540883958,1438.00505691002,-295.340351929556
"American Songbird","70–80%",6727.6664052869,5384.84634131803,-1342.82006396887
"American Songbird","80–90%",6652.27455340126,6807.95094372558,155.676390324315
"American Songbird","90–100%",9.5629782627793,35.8055697745923,26.242591511813
"Keweenaw Heartlands","0–10%",1372.84336781713,996.328898075611,-376.51446974152
"Keweenaw Heartlands","10–20%",292.22682412307,86.9563837382955,-205.270440384774
"Keweenaw Heartlands","20–30%",369.620229598586,182.363771522768,-187.256458075818
"Keweenaw Heartlands","30–40%",579.56096169309,237.74008750956,-341.82087418353
"Keweenaw Heartlands","40–50%",845.322799461026,289.558086003224,-555.764713457801
"Keweenaw Heartlands","50–60%",1498.27405944986,604.024394458339,-894.249664991525
"Keweenaw Heartlands","60–70%",3487.37353810796,2360.94365668988,-1126.42988141807
"Keweenaw Heartlands","70–80%",11983.5237374791,11248.0639906183,-735.459746860724
"Keweenaw Heartlands","80–90%",12073.1488593372,16283.3056382366,4210.15677889942
"Keweenaw Heartlands","90–100%",68.7200065860187,281.329476800368,212.609470214349
