"signal","zone","lf_type","n","acres","pct_of_signal"
"Hansen loss 2020-2024","Heartlands (TRG to TNC)","No LANDFIRE disturbance",652,145.001437844933,9.5029879026381
"Hansen loss 2020-2024","Heartlands (TRG to TNC)","Unattributed change",6209,1380.84958217667,90.4970120973619
"Hansen loss 2020-2024","Lyme","Unattributed change",29,6.44945045629301,100
"Hansen loss 2020-2024","MWF","No LANDFIRE disturbance",41,9.1181885761384,5.15075376884422
"Hansen loss 2020-2024","MWF","Unattributed change",755,167.908106706939,94.8492462311558
"Hansen loss 2020-2024","Non-institutional kept","Insects or disease",12,2.66873811984539,0.380107697180868
"Hansen loss 2020-2024","Non-institutional kept","No LANDFIRE disturbance",506,112.531790720147,16.0278745644599
"Hansen loss 2020-2024","Non-institutional kept","Unattributed change",2639,586.899991522664,83.5920177383592
"Hansen loss 2020-2024","Non-institutional sold / left","Insects or disease",15,3.33592264980673,0.468603561387067
"Hansen loss 2020-2024","Non-institutional sold / left","No LANDFIRE disturbance",560,124.541112259451,17.4945329584505
"Hansen loss 2020-2024","Non-institutional sold / left","Unattributed change",2626,584.008858559499,82.0368634801625
"Hansen loss 2020-2024","Songbird (TRG to Songbird, 2026)","No LANDFIRE disturbance",236,52.4851830236259,5.15508955875928
"Hansen loss 2020-2024","Songbird (TRG to Songbird, 2026)","Unattributed change",4342,965.638409697389,94.8449104412407
"Hansen loss 2020-2024","TRG other sale / left CFP","Insects or disease",3,0.667184529961346,0.124326564442603
"Hansen loss 2020-2024","TRG other sale / left CFP","No LANDFIRE disturbance",161,35.8055697745923,6.672192291753
"Hansen loss 2020-2024","TRG other sale / left CFP","Unattributed change",2249,500.166002627689,93.2034811438044
"Hansen loss 2020-2024","TRG/Verdant retained","Insects or disease",1,0.222394843320449,0.00352907961603614
"Hansen loss 2020-2024","TRG/Verdant retained","No LANDFIRE disturbance",2033,452.128716470472,7.17461885940147
"Hansen loss 2020-2024","TRG/Verdant retained","Unattributed change",26302,5849.42916901444,92.8218520609825
"TCC drop >20 pp 2020-2025","Heartlands (TRG to TNC)","No LANDFIRE disturbance",1383,307.572068312181,52.5855513307985
"TCC drop >20 pp 2020-2025","Heartlands (TRG to TNC)","Unattributed change",1247,277.3263696206,47.4144486692015
"TCC drop >20 pp 2020-2025","Lyme","No LANDFIRE disturbance",50,11.1197421660224,21.0084033613445
"TCC drop >20 pp 2020-2025","Lyme","Unattributed change",188,41.8102305442444,78.9915966386555
"TCC drop >20 pp 2020-2025","MWF","No LANDFIRE disturbance",1733,385.410263474338,33.0095238095238
"TCC drop >20 pp 2020-2025","MWF","Unattributed change",3517,782.162663958018,66.9904761904762
"TCC drop >20 pp 2020-2025","Non-institutional kept","Insects or disease",6,1.33436905992269,0.0550964187327824
"TCC drop >20 pp 2020-2025","Non-institutional kept","No LANDFIRE disturbance",6885,1531.18849626129,63.2231404958678
"TCC drop >20 pp 2020-2025","Non-institutional kept","Unattributed change",3999,889.356978438475,36.7217630853995
"TCC drop >20 pp 2020-2025","Non-institutional sold / left","Harvest / mechanical removal",7,1.55676390324314,0.06139273811612
"TCC drop >20 pp 2020-2025","Non-institutional sold / left","Insects or disease",26,5.78226592633167,0.228030170145588
"TCC drop >20 pp 2020-2025","Non-institutional sold / left","No LANDFIRE disturbance",7162,1592.79186786105,62.8135414839502
"TCC drop >20 pp 2020-2025","Non-institutional sold / left","Unattributed change",4207,935.615105849128,36.8970356077881
"TCC drop >20 pp 2020-2025","Songbird (TRG to Songbird, 2026)","Insects or disease",6,1.33436905992269,0.048363694986297
"TCC drop >20 pp 2020-2025","Songbird (TRG to Songbird, 2026)","No LANDFIRE disturbance",6917,1538.30513124754,55.7552797033693
"TCC drop >20 pp 2020-2025","Songbird (TRG to Songbird, 2026)","Unattributed change",5483,1219.39092592602,44.1963566016444
"TCC drop >20 pp 2020-2025","TRG other sale / left CFP","Insects or disease",3,0.667184529961346,0.156576200417537
"TCC drop >20 pp 2020-2025","TRG other sale / left CFP","No LANDFIRE disturbance",947,210.607916624465,49.4258872651357
"TCC drop >20 pp 2020-2025","TRG other sale / left CFP","Unattributed change",966,214.833418647554,50.4175365344468
"TCC drop >20 pp 2020-2025","TRG/Verdant retained","Insects or disease",7,1.55676390324314,0.0182930016202373
"TCC drop >20 pp 2020-2025","TRG/Verdant retained","No LANDFIRE disturbance",12245,2723.2248564589,31.9996864056865
"TCC drop >20 pp 2020-2025","TRG/Verdant retained","Unattributed change",26014,5785.37945413815,67.9820205926932
