"footprint","year","bin","n_pixels","acres","pct_of_footprint"
"American Songbird",2010,"0–10%",1171,260.424361528246,1.51088976052849
"American Songbird",2010,"10–20%",836,185.922089015895,1.07865400495458
"American Songbird",2010,"20–30%",1520,338.040161847082,1.96118909991742
"American Songbird",2010,"30–40%",2284,507.949822143905,2.94694467382329
"American Songbird",2010,"40–50%",3313,736.794115920647,4.27461808422791
"American Songbird",2010,"50–60%",5590,1243.18717416131,7.21253096614368
"American Songbird",2010,"60–70%",11697,2601.35248231929,15.0921242774566
"American Songbird",2010,"70–80%",34712,7719.76980133942,44.7873658133774
"American Songbird",2010,"80–90%",16346,3635.26610891606,21.090524360033
"American Songbird",2010,"90–100%",35,7.78381951621571,0.0451589595375723
"American Songbird",2011,"0–10%",1142,253.974911071953,1.47347233691164
"American Songbird",2011,"10–20%",673,149.671729554662,0.868342279108175
"American Songbird",2011,"20–30%",1403,312.01996517859,1.81022914946325
"American Songbird",2011,"30–40%",2236,497.274869664523,2.88501238645747
"American Songbird",2011,"40–50%",3258,724.562399538022,4.20365400495458
"American Songbird",2011,"50–60%",5635,1253.19494211073,7.27059248554913
"American Songbird",2011,"60–70%",11666,2594.45824217636,15.0521263418662
"American Songbird",2011,"70–80%",34743,7726.66404148235,44.8273637489678
"American Songbird",2011,"80–90%",16714,3717.10741125798,21.5653385631709
"American Songbird",2011,"90–100%",34,7.56142467289526,0.0438687035507845
"American Songbird",2012,"0–10%",1040,231.290637053267,1.34186622625929
"American Songbird",2012,"10–20%",473,105.192760890572,0.610291081750619
"American Songbird",2012,"20–30%",1224,272.211288224229,1.57927332782824
"American Songbird",2012,"30–40%",2166,481.707230632092,2.79469446738233
"American Songbird",2012,"40–50%",3182,707.660391445668,4.10559454995871
"American Songbird",2012,"50–60%",5471,1216.72218780618,7.05899050371594
"American Songbird",2012,"60–70%",11715,2605.35558949906,15.1153488852188
"American Songbird",2012,"70–80%",34776,7734.00307131193,44.8699421965318
"American Songbird",2012,"80–90%",17422,3874.56296032886,22.4788398018167
"American Songbird",2012,"90–100%",35,7.78381951621571,0.0451589595375723
"American Songbird",2013,"0–10%",919,204.380861011492,1.18574525185797
"American Songbird",2013,"10–20%",344,76.5038261022344,0.443848059454996
"American Songbird",2013,"20–30%",1101,244.856722495814,1.42057184145334
"American Songbird",2013,"30–40%",2064,459.022956613406,2.66308835672998
"American Songbird",2013,"40–50%",3050,678.304272127369,3.93528075970272
"American Songbird",2013,"50–60%",5081,1129.9881989112,6.5557906688687
"American Songbird",2013,"60–70%",11357,2525.73823559034,14.6534372419488
"American Songbird",2013,"70–80%",35117,7809.8397128842,45.3099194880264
"American Songbird",2013,"80–90%",18434,4099.62654176915,23.7845788604459
"American Songbird",2013,"90–100%",37,8.2286092028566,0.0477394715111478
"American Songbird",2014,"0–10%",980,217.94694645404,1.26445086705202
"American Songbird",2014,"10–20%",561,124.763507102772,0.723833608587944
"American Songbird",2014,"20–30%",1335,296.897115832799,1.72249174236169
"American Songbird",2014,"30–40%",2319,515.733641660121,2.99210363336086
"American Songbird",2014,"40–50%",3251,723.005635634779,4.19462221304707
"American Songbird",2014,"50–60%",5519,1227.39714028556,7.12092279108175
"American Songbird",2014,"60–70%",11913,2649.38976847651,15.3708195706028
"American Songbird",2014,"70–80%",33734,7502.26764457202,43.5254954582989
"American Songbird",2014,"80–90%",17856,3971.08232232993,23.0388109000826
"American Songbird",2014,"90–100%",36,8.00621435953616,0.04644921552436
"American Songbird",2015,"0–10%",1021,227.065135030178,1.31735136251032
"American Songbird",2015,"10–20%",623,138.55198738864,0.803829479768786
"American Songbird",2015,"20–30%",1392,309.573621902065,1.79603633360859
"American Songbird",2015,"30–40%",2266,503.946714964137,2.92372006606111
"American Songbird",2015,"40–50%",3127,695.428675063043,4.03463047068538
"American Songbird",2015,"50–60%",5404,1201.82173330371,6.97254335260116
"American Songbird",2015,"60–70%",11706,2603.35403590917,15.1037365813377
"American Songbird",2015,"70–80%",33497,7449.56006670507,43.2197047894302
"American Songbird",2015,"80–90%",18433,4099.40414692583,23.7832886044591
"American Songbird",2015,"90–100%",35,7.78381951621571,0.0451589595375723
"American Songbird",2016,"0–10%",964,214.388628960913,1.24380677126342
"American Songbird",2016,"10–20%",487,108.306288697059,0.628354665565648
"American Songbird",2016,"20–30%",1040,231.290637053267,1.34186622625929
"American Songbird",2016,"30–40%",1475,328.032393897662,1.90312758051197
"American Songbird",2016,"40–50%",2024,450.127162880588,2.61147811725846
"American Songbird",2016,"50–60%",4098,911.374067927199,5.28746903385632
"American Songbird",2016,"60–70%",9568,2127.87386089005,12.3451692815855
"American Songbird",2016,"70–80%",32875,7311.23047415975,42.4171655656482
"American Songbird",2016,"80–90%",24933,5544.97062850875,32.1699525185797
"American Songbird",2016,"90–100%",40,8.89579373281795,0.0516102394715112
"American Songbird",2017,"0–10%",849,188.813221979061,1.09542733278282
"American Songbird",2017,"10–20%",588,130.768167872424,0.758670520231214
"American Songbird",2017,"20–30%",1163,258.645202781682,1.50056771263419
"American Songbird",2017,"30–40%",1478,328.699578427623,1.90699834847234
"American Songbird",2017,"40–50%",1936,430.556416668389,2.49793559042114
"American Songbird",2017,"50–60%",3973,883.574712512143,5.12618703550785
"American Songbird",2017,"60–70%",9504,2113.64059091755,12.262592898431
"American Songbird",2017,"70–80%",32007,7118.1917501576,41.2972233691164
"American Songbird",2017,"80–90%",25965,5774.48210681545,33.5014966969447
"American Songbird",2017,"90–100%",41,9.1181885761384,0.0529004954582989
"American Songbird",2018,"0–10%",1556,346.046376206618,2.00763831544178
"American Songbird",2018,"10–20%",794,176.581505596436,1.0244632535095
"American Songbird",2018,"20–30%",1370,304.680935349015,1.76765070189926
"American Songbird",2018,"30–40%",1467,326.253235151098,1.89280553261767
"American Songbird",2018,"40–50%",2005,445.9016608575,2.5869632535095
"American Songbird",2018,"50–60%",3930,874.011734249364,5.07070602807597
"American Songbird",2018,"60–70%",9010,2003.77753831724,11.6252064409579
"American Songbird",2018,"70–80%",30973,6888.23548216426,39.9630986787779
"American Songbird",2018,"80–90%",26361,5862.55046477035,34.0124380677126
"American Songbird",2018,"90–100%",38,8.45100404617705,0.0490297274979356
"American Songbird",2019,"0–10%",1690,375.847285211558,2.18053261767135
"American Songbird",2019,"10–20%",819,182.141376679448,1.05671965317919
"American Songbird",2019,"20–30%",1273,283.108635546931,1.64249587118084
"American Songbird",2019,"30–40%",1435,319.136600164844,1.85151734104046
"American Songbird",2019,"40–50%",1895,421.43822809225,2.44503509496284
"American Songbird",2019,"50–60%",3634,808.182860626511,4.68879025598679
"American Songbird",2019,"60–70%",8365,1860.33286437555,10.7929913294798
"American Songbird",2019,"70–80%",30469,6776.14848113075,39.3128096614368
"American Songbird",2019,"80–90%",27884,6201.25781114739,35.9774979355904
"American Songbird",2019,"90–100%",40,8.89579373281795,0.0516102394715112
"American Songbird",2020,"0–10%",1344,298.898669422683,1.73410404624277
"American Songbird",2020,"10–20%",670,149.004545024701,0.864471511147812
"American Songbird",2020,"20–30%",1101,244.856722495814,1.42057184145334
"American Songbird",2020,"30–40%",1387,308.461647685462,1.78958505367465
"American Songbird",2020,"40–50%",1755,390.302950027388,2.26439925681255
"American Songbird",2020,"50–60%",3247,722.116056261497,4.18946118909992
"American Songbird",2020,"60–70%",7794,1733.34540883958,10.0562551610239
"American Songbird",2020,"70–80%",30251,6727.6664052869,39.0315338563171
"American Songbird",2020,"80–90%",29912,6652.27455340126,38.594137076796
"American Songbird",2020,"90–100%",43,9.5629782627793,0.0554810074318745
"American Songbird",2021,"0–10%",889,197.709015711879,1.14703757225434
"American Songbird",2021,"10–20%",467,103.85839183065,0.602549545829893
"American Songbird",2021,"20–30%",921,204.825650698133,1.18832576383154
"American Songbird",2021,"30–40%",1355,301.345012699208,1.74829686209744
"American Songbird",2021,"40–50%",1661,369.397834755265,2.1431151940545
"American Songbird",2021,"50–60%",2959,658.066341385208,3.81786746490504
"American Songbird",2021,"60–70%",7419,1649.94734259441,9.57240916597853
"American Songbird",2021,"70–80%",30121,6698.75507565524,38.8638005780347
"American Songbird",2021,"80–90%",31666,7042.35510858533,40.8572460776218
"American Songbird",2021,"90–100%",46,10.2301627927406,0.0593517753922378
"American Songbird",2022,"0–10%",907,201.712122891647,1.17026218001652
"American Songbird",2022,"10–20%",335,74.5022725123503,0.432235755573906
"American Songbird",2022,"20–30%",699,155.453995480994,0.901888934764657
"American Songbird",2022,"30–40%",1020,226.842740186858,1.31606110652353
"American Songbird",2022,"40–50%",1288,286.444558196738,1.66184971098266
"American Songbird",2022,"50–60%",2481,551.761606278033,3.20112510322048
"American Songbird",2022,"60–70%",7234,1608.80429658013,9.33371180842279
"American Songbird",2022,"70–80%",29744,6614.91221972343,38.3773740710157
"American Songbird",2022,"80–90%",33750,7505.82596206515,43.5461395540875
"American Songbird",2022,"90–100%",46,10.2301627927406,0.0593517753922378
"American Songbird",2023,"0–10%",1256,279.327923210484,1.62056151940545
"American Songbird",2023,"10–20%",274,60.936187069803,0.353530140379851
"American Songbird",2023,"20–30%",631,140.331146135203,0.814151527663089
"American Songbird",2023,"30–40%",928,206.382414601376,1.19735755573906
"American Songbird",2023,"40–50%",1111,247.080670929019,1.43347440132122
"American Songbird",2023,"50–60%",2117,470.80988330939,2.73147192402973
"American Songbird",2023,"60–70%",6601,1468.02836075828,8.51697976878613
"American Songbird",2023,"70–80%",28952,6438.77550381363,37.3554913294798
"American Songbird",2023,"80–90%",35584,7913.69810471485,45.9124690338563
"American Songbird",2023,"90–100%",50,11.1197421660224,0.0645127993393889
"American Songbird",2024,"0–10%",3026,672.966795887678,3.90431461601982
"American Songbird",2024,"10–20%",354,78.7277745354389,0.456750619322874
"American Songbird",2024,"20–30%",709,157.677943914198,0.914791494632535
"American Songbird",2024,"30–40%",916,203.713676481531,1.18187448389761
"American Songbird",2024,"40–50%",1037,230.623452523305,1.33799545829893
"American Songbird",2024,"50–60%",2347,521.960697273093,3.02823080099092
"American Songbird",2024,"60–70%",6682,1486.04234306724,8.62149050371594
"American Songbird",2024,"70–80%",26807,5961.73856489127,34.58789223782
"American Songbird",2024,"80–90%",35445,7882.78522149331,45.7331234516928
"American Songbird",2024,"90–100%",181,40.2534666410012,0.233536333608588
"American Songbird",2025,"0–10%",9103,2024.46025874605,11.7452002477291
"American Songbird",2025,"10–20%",673,149.671729554662,0.868342279108175
"American Songbird",2025,"20–30%",1229,273.323262440832,1.58572460776218
"American Songbird",2025,"30–40%",1407,312.909544551871,1.8153901734104
"American Songbird",2025,"40–50%",1237,275.102421187395,1.59604665565648
"American Songbird",2025,"50–60%",2403,534.414808499038,3.10048513625103
"American Songbird",2025,"60–70%",6466,1438.00505691002,8.34279521056978
"American Songbird",2025,"70–80%",24213,5384.84634131803,31.2409682080925
"American Songbird",2025,"80–90%",30612,6807.95094372558,39.4973162675475
"American Songbird",2025,"90–100%",161,35.8055697745923,0.207731213872832
"Keweenaw Heartlands",2010,"0–10%",2260,502.612345904214,1.54314665355675
"Keweenaw Heartlands",2010,"10–20%",965,214.611023804233,0.658909964903656
"Keweenaw Heartlands",2010,"20–30%",1799,400.088323133487,1.22837204856132
"Keweenaw Heartlands",2010,"30–40%",2895,643.833071412699,1.97672989471097
"Keweenaw Heartlands",2010,"40–50%",4474,994.994529015688,3.05488412743933
"Keweenaw Heartlands",2010,"50–60%",7886,1753.80573442506,5.38462588935775
"Keweenaw Heartlands",2010,"60–70%",19628,4365.16598469377,13.402160405315
"Keweenaw Heartlands",2010,"70–80%",55624,12370.4907648566,37.980526308602
"Keweenaw Heartlands",2010,"80–90%",50428,11214.9271589636,34.4326546219291
"Keweenaw Heartlands",2010,"90–100%",495,110.085447443622,0.337990085624155
"Keweenaw Heartlands",2011,"0–10%",2220,493.716552171396,1.5158343234053
"Keweenaw Heartlands",2011,"10–20%",853,189.702801352343,0.582435440479605
"Keweenaw Heartlands",2011,"20–30%",1831,407.204958119742,1.25022191268248
"Keweenaw Heartlands",2011,"30–40%",3002,667.629319647987,2.04979037786609
"Keweenaw Heartlands",2011,"40–50%",4705,1046.36773782271,3.21261283406394
"Keweenaw Heartlands",2011,"50–60%",8280,1841.42930269332,5.6536523413495
"Keweenaw Heartlands",2011,"60–70%",20242,4501.71641849252,13.8214046731397
"Keweenaw Heartlands",2011,"70–80%",55644,12374.9386617231,37.9941824736777
"Keweenaw Heartlands",2011,"80–90%",49206,10943.160660426,33.5982629358024
"Keweenaw Heartlands",2011,"90–100%",471,104.747971203931,0.321602687533287
"Keweenaw Heartlands",2012,"0–10%",2161,480.59525641549,1.47554863643192
"Keweenaw Heartlands",2012,"10–20%",612,136.105644112115,0.417878651317137
"Keweenaw Heartlands",2012,"20–30%",1843,409.873696239587,1.25841561172791
"Keweenaw Heartlands",2012,"30–40%",3251,723.005635634779,2.21980963305884
"Keweenaw Heartlands",2012,"40–50%",5020,1116.42211346865,3.42769743400658
"Keweenaw Heartlands",2012,"50–60%",8493,1888.79940432057,5.79909049940596
"Keweenaw Heartlands",2012,"60–70%",20483,4555.31357573275,13.9859614623022
"Keweenaw Heartlands",2012,"70–80%",55886,12428.7582138066,38.159422071094
"Keweenaw Heartlands",2012,"80–90%",48250,10730.5511902117,32.9454982451828
"Keweenaw Heartlands",2012,"90–100%",455,101.189653710804,0.310677755472708
"Keweenaw Heartlands",2013,"0–10%",2127,473.033831742595,1.45233315580319
"Keweenaw Heartlands",2013,"10–20%",585,130.100983342463,0.39944282846491
"Keweenaw Heartlands",2013,"20–30%",1804,401.20029735009,1.23178608983025
"Keweenaw Heartlands",2013,"30–40%",3281,729.677480934393,2.24029388067243
"Keweenaw Heartlands",2013,"40–50%",5038,1120.42522064842,3.43998798257473
"Keweenaw Heartlands",2013,"50–60%",8376,1862.77920765208,5.71920193371297
"Keweenaw Heartlands",2013,"60–70%",20292,4512.83616065855,13.855545085829
"Keweenaw Heartlands",2013,"70–80%",56227,12504.5948553789,38.3922596856351
"Keweenaw Heartlands",2013,"80–90%",48276,10736.333456138,32.9632512597812
"Keweenaw Heartlands",2013,"90–100%",448,99.6328898075611,0.305898097696205
"Keweenaw Heartlands",2014,"0–10%",2165,481.484835788772,1.47827986944706
"Keweenaw Heartlands",2014,"10–20%",763,169.687265453502,0.520982697638849
"Keweenaw Heartlands",2014,"20–30%",2176,483.931179065297,1.48579076023871
"Keweenaw Heartlands",2014,"30–40%",3775,839.540533534694,2.5776011580428
"Keweenaw Heartlands",2014,"40–50%",5647,1255.86368023057,3.85581820913051
"Keweenaw Heartlands",2014,"50–60%",9632,2142.10713086256,6.57680910046841
"Keweenaw Heartlands",2014,"60–70%",22567,5018.78442921257,15.4089338631925
"Keweenaw Heartlands",2014,"70–80%",54984,12228.1580651316,37.5435290261789
"Keweenaw Heartlands",2014,"80–90%",44387,9871.43991046476,30.3078099608068
"Keweenaw Heartlands",2014,"90–100%",358,79.6173539087207,0.244445354855449
"Keweenaw Heartlands",2015,"0–10%",2047,455.242244276959,1.39770849550029
"Keweenaw Heartlands",2015,"10–20%",777,172.800793259989,0.530542013191855
"Keweenaw Heartlands",2015,"20–30%",2231,496.162895447921,1.52334521419695
"Keweenaw Heartlands",2015,"30–40%",3770,838.428559318092,2.57418711677387
"Keweenaw Heartlands",2015,"40–50%",5558,1236.07053917505,3.79504827454354
"Keweenaw Heartlands",2015,"50–60%",9426,2096.29379313855,6.43615060018846
"Keweenaw Heartlands",2015,"60–70%",22398,4981.19970069141,15.2935392683027
"Keweenaw Heartlands",2015,"70–80%",55536,12350.9200186444,37.9204391822688
"Keweenaw Heartlands",2015,"80–90%",44377,9869.21596203156,30.3009818782689
"Keweenaw Heartlands",2015,"90–100%",334,74.2798776690299,0.228057956764581
"Keweenaw Heartlands",2016,"0–10%",1925,428.110073391864,1.31440588853838
"Keweenaw Heartlands",2016,"10–20%",465,103.413602144009,0.31750583801057
"Keweenaw Heartlands",2016,"20–30%",1257,279.550318053804,0.858289975009218
"Keweenaw Heartlands",2016,"30–40%",2213,492.159788268153,1.5110546656288
"Keweenaw Heartlands",2016,"40–50%",3436,764.148681649062,2.34612916000929
"Keweenaw Heartlands",2016,"50–60%",6095,1355.49657003814,4.16171630682672
"Keweenaw Heartlands",2016,"60–70%",16654,3703.76372065875,11.3714886585549
"Keweenaw Heartlands",2016,"70–80%",57444,12775.2493796999,39.2232373304929
"Keweenaw Heartlands",2016,"80–90%",56597,12586.8809474074,38.644898739536
"Keweenaw Heartlands",2016,"90–100%",368,81.8413023419252,0.251273437393311
"Keweenaw Heartlands",2017,"0–10%",2080,462.581274106533,1.42024116787524
"Keweenaw Heartlands",2017,"10–20%",597,132.769721462308,0.407636527510345
"Keweenaw Heartlands",2017,"20–30%",1308,290.892455063147,0.893113195952313
"Keweenaw Heartlands",2017,"30–40%",2181,485.043153281899,1.48920480150764
"Keweenaw Heartlands",2017,"40–50%",3344,743.688356063581,2.28331080066096
"Keweenaw Heartlands",2017,"50–60%",6029,1340.81851037899,4.11665096207683
"Keweenaw Heartlands",2017,"60–70%",16320,3629.48384298972,11.1434307017903
"Keweenaw Heartlands",2017,"70–80%",57011,12678.9524125421,38.9275813566034
"Keweenaw Heartlands",2017,"80–90%",57218,12724.9881451094,39.0689226651372
"Keweenaw Heartlands",2017,"90–100%",366,81.3965126552843,0.249907820885739
"Keweenaw Heartlands",2018,"0–10%",2734,608.027501638107,1.86679776585139
"Keweenaw Heartlands",2018,"10–20%",882,196.152251808636,0.602236879839404
"Keweenaw Heartlands",2018,"20–30%",1502,334.037054667314,1.02557799718683
"Keweenaw Heartlands",2018,"30–40%",2318,515.5112468168,1.58274953227635
"Keweenaw Heartlands",2018,"40–50%",3525,783.941822704582,2.40689909459626
"Keweenaw Heartlands",2018,"50–60%",6570,1461.13412061535,4.48605022737515
"Keweenaw Heartlands",2018,"60–70%",16678,3709.10119689844,11.3878760566458
"Keweenaw Heartlands",2018,"70–80%",56223,12503.7052760056,38.3895284526199
"Keweenaw Heartlands",2018,"80–90%",55672,12381.165717336,38.0133011047838
"Keweenaw Heartlands",2018,"90–100%",350,77.8381951621571,0.23898288882516
"Keweenaw Heartlands",2019,"0–10%",3617,804.402148290063,2.46971745394458
"Keweenaw Heartlands",2019,"10–20%",1144,254.419700758593,0.781132642331381
"Keweenaw Heartlands",2019,"20–30%",1607,357.388513215961,1.09727286383438
"Keweenaw Heartlands",2019,"30–40%",2525,561.546979384133,1.72409084081008
"Keweenaw Heartlands",2019,"40–50%",3669,815.966680142727,2.50522348314146
"Keweenaw Heartlands",2019,"50–60%",6718,1494.04855742678,4.5871058489355
"Keweenaw Heartlands",2019,"60–70%",16209,3604.79801538115,11.0676389856201
"Keweenaw Heartlands",2019,"70–80%",55414,12323.7878477593,37.8371365753069
"Keweenaw Heartlands",2019,"80–90%",55231,12283.0895914317,37.7121826648641
"Keweenaw Heartlands",2019,"90–100%",320,71.1663498625436,0.218498641211575
"Keweenaw Heartlands",2020,"0–10%",6173,1372.84336781713,4.21497535062204
"Keweenaw Heartlands",2020,"10–20%",1314,292.22682412307,0.89721004547503
"Keweenaw Heartlands",2020,"20–30%",1662,369.620229598586,1.13482731779262
"Keweenaw Heartlands",2020,"30–40%",2606,579.56096169309,1.77939830936676
"Keweenaw Heartlands",2020,"40–50%",3801,845.322799461026,2.59535417264124
"Keweenaw Heartlands",2020,"50–60%",6737,1498.27405944986,4.60007920575744
"Keweenaw Heartlands",2020,"60–70%",15681,3487.37353810796,10.707116227621
"Keweenaw Heartlands",2020,"70–80%",53884,11983.5237374791,36.7924399470141
"Keweenaw Heartlands",2020,"80–90%",54287,12073.1488593372,37.0676116732899
"Keweenaw Heartlands",2020,"90–100%",309,68.7200065860187,0.210987750419927
"Keweenaw Heartlands",2021,"0–10%",6372,1417.0999416379,4.35085419312549
"Keweenaw Heartlands",2021,"10–20%",1196,265.984232611257,0.816638671528261
"Keweenaw Heartlands",2021,"20–30%",1756,390.525344870708,1.19901129364852
"Keweenaw Heartlands",2021,"30–40%",2652,589.79112448583,1.81080748904093
"Keweenaw Heartlands",2021,"40–50%",3881,863.114386926662,2.64997883294413
"Keweenaw Heartlands",2021,"50–60%",6863,1526.29580970824,4.6861130457345
"Keweenaw Heartlands",2021,"60–70%",16155,3592.78869384185,11.0307673399156
"Keweenaw Heartlands",2021,"70–80%",53054,11798.9360175231,36.2257090963716
"Keweenaw Heartlands",2021,"80–90%",54215,12057.1364306181,37.0184494790173
"Keweenaw Heartlands",2021,"90–100%",310,68.9424014293391,0.211670558673713
"Keweenaw Heartlands",2022,"0–10%",4711,1047.70210688263,3.21670968358666
"Keweenaw Heartlands",2022,"10–20%",1250,277.993554150561,0.853510317232715
"Keweenaw Heartlands",2022,"20–30%",1798,399.865928290167,1.22768924030754
"Keweenaw Heartlands",2022,"30–40%",2408,535.526782715641,1.6442022751171
"Keweenaw Heartlands",2022,"40–50%",3513,781.273084584737,2.39870539555082
"Keweenaw Heartlands",2022,"50–60%",6408,1425.10615599744,4.37543529026179
"Keweenaw Heartlands",2022,"60–70%",15622,3474.25224235205,10.6668305406476
"Keweenaw Heartlands",2022,"70–80%",53307,11855.2019128832,36.3984595845795
"Keweenaw Heartlands",2022,"80–90%",57125,12704.3054246806,39.0054214975351
"Keweenaw Heartlands",2022,"90–100%",312,69.38719111598,0.213036175181286
"Keweenaw Heartlands",2023,"0–10%",3588,797.95269783377,2.44991601458478
"Keweenaw Heartlands",2023,"10–20%",641,142.555094568408,0.437680090676936
"Keweenaw Heartlands",2023,"20–30%",1201,267.096206827859,0.820052712797192
"Keweenaw Heartlands",2023,"30–40%",1855,412.542434359432,1.26660931077335
"Keweenaw Heartlands",2023,"40–50%",3042,676.525113380805,2.07710270801753
"Keweenaw Heartlands",2023,"50–60%",5831,1296.78433140154,3.98145492782717
"Keweenaw Heartlands",2023,"60–70%",15264,3394.63488844333,10.4223851857921
"Keweenaw Heartlands",2023,"70–80%",53971,12002.8720888479,36.8518442650935
"Keweenaw Heartlands",2023,"80–90%",60734,13506.9284142241,41.4696764854493
"Keweenaw Heartlands",2023,"90–100%",327,72.7231137657867,0.223278298988078
"Keweenaw Heartlands",2024,"0–10%",3941,876.458077525889,2.6909473281713
"Keweenaw Heartlands",2024,"10–20%",540,120.093215393042,0.368716457044533
"Keweenaw Heartlands",2024,"20–30%",994,221.060474260526,0.678711404263455
"Keweenaw Heartlands",2024,"30–40%",1091,242.63277406261,0.744943804880713
"Keweenaw Heartlands",2024,"40–50%",1537,341.82087418353,1.04947628606935
"Keweenaw Heartlands",2024,"50–60%",3455,768.374183672151,2.35910251683122
"Keweenaw Heartlands",2024,"60–70%",12383,2753.91534483712,8.45521460663416
"Keweenaw Heartlands",2024,"70–80%",52033,11571.8708824929,35.5285618692559
"Keweenaw Heartlands",2024,"80–90%",69279,15407.2923503974,47.3042730140522
"Keweenaw Heartlands",2024,"90–100%",1201,267.096206827859,0.820052712797192
"Keweenaw Heartlands",2025,"0–10%",4480,996.328898075611,3.05898097696205
"Keweenaw Heartlands",2025,"10–20%",391,86.9563837382955,0.266978027230393
"Keweenaw Heartlands",2025,"20–30%",820,182.363771522768,0.559902768104661
"Keweenaw Heartlands",2025,"30–40%",1069,237.74008750956,0.729922023297418
"Keweenaw Heartlands",2025,"40–50%",1302,289.558086003224,0.889016346429596
"Keweenaw Heartlands",2025,"50–60%",2716,604.024394458339,1.85450721728324
"Keweenaw Heartlands",2025,"60–70%",10616,2360.94365668988,7.248692422194
"Keweenaw Heartlands",2025,"70–80%",50577,11248.0639906183,34.5343930517432
"Keweenaw Heartlands",2025,"80–90%",73218,16283.3056382366,49.9938547257159
"Keweenaw Heartlands",2025,"90–100%",1265,281.329476800368,0.863752441039507
