"zone","year","mean_tcc"
"Heartlands (TRG to TNC)",2010,71.6612178568015
"Heartlands (TRG to TNC)",2011,71.4599737801631
"Heartlands (TRG to TNC)",2012,71.3380173979543
"Heartlands (TRG to TNC)",2013,71.3984117880017
"Heartlands (TRG to TNC)",2014,70.3164270009696
"Heartlands (TRG to TNC)",2015,70.4095961871987
"Heartlands (TRG to TNC)",2016,73.4850738115722
"Heartlands (TRG to TNC)",2017,73.4360003823726
"Heartlands (TRG to TNC)",2018,72.6470837259481
"Heartlands (TRG to TNC)",2019,71.9538967867044
"Heartlands (TRG to TNC)",2020,70.4911849454436
"Heartlands (TRG to TNC)",2021,70.3230365848662
"Heartlands (TRG to TNC)",2022,71.5659183088205
"Heartlands (TRG to TNC)",2023,73.1939448564054
"Heartlands (TRG to TNC)",2024,74.9203299329482
"Heartlands (TRG to TNC)",2025,75.3303084927691
"Lyme",2010,80.8324373934706
"Lyme",2011,81.1397666185918
"Lyme",2012,81.4288711157729
"Lyme",2013,81.6842795332372
"Lyme",2014,81.7862855644421
"Lyme",2015,81.8755736200341
"Lyme",2016,82.432935623443
"Lyme",2017,82.4802674708273
"Lyme",2018,82.4935098990429
"Lyme",2019,81.6255408417464
"Lyme",2020,81.6594991477645
"Lyme",2021,81.5122590795857
"Lyme",2022,81.7961190507408
"Lyme",2023,81.4447358070014
"Lyme",2024,81.4480136357677
"Lyme",2025,80.888684935099
"MWF",2010,77.6353743172765
"MWF",2011,77.7551229928956
"MWF",2012,78.1121103856104
"MWF",2013,78.4745595663423
"MWF",2014,78.1907108537637
"MWF",2015,78.5626462978933
"MWF",2016,79.9172107921646
"MWF",2017,80.2137078559402
"MWF",2018,80.4678657960659
"MWF",2019,80.4626914705762
"MWF",2020,80.3080366309392
"MWF",2021,79.5474107839514
"MWF",2022,78.7614471684941
"MWF",2023,75.6434232680383
"MWF",2024,74.7724118106033
"MWF",2025,67.410167960248
"Non-institutional kept",2010,77.2418274037406
"Non-institutional kept",2011,77.4043868419128
"Non-institutional kept",2012,77.7143700163379
"Non-institutional kept",2013,77.966448828306
"Non-institutional kept",2014,78.0175741910312
"Non-institutional kept",2015,78.128418152113
"Non-institutional kept",2016,79.0090370406496
"Non-institutional kept",2017,78.9252334853325
"Non-institutional kept",2018,78.5391304347826
"Non-institutional kept",2019,78.3127362286327
"Non-institutional kept",2020,78.1952303152966
"Non-institutional kept",2021,78.3472993733083
"Non-institutional kept",2022,78.7633519471336
"Non-institutional kept",2023,78.884213221488
"Non-institutional kept",2024,79.5737057719037
"Non-institutional kept",2025,78.9781340681314
"Non-institutional sold / left",2010,72.7727921020423
"Non-institutional sold / left",2011,73.1698344139752
"Non-institutional sold / left",2012,73.7312219513593
"Non-institutional sold / left",2013,74.2473506573202
"Non-institutional sold / left",2014,74.2174939224433
"Non-institutional sold / left",2015,74.2976906970393
"Non-institutional sold / left",2016,75.7221047733687
"Non-institutional sold / left",2017,75.6457281772725
"Non-institutional sold / left",2018,75.1874449985333
"Non-institutional sold / left",2019,75.0159280875843
"Non-institutional sold / left",2020,75.1419838628647
"Non-institutional sold / left",2021,75.5357724481848
"Non-institutional sold / left",2022,76.2328926472522
"Non-institutional sold / left",2023,76.4380460107289
"Non-institutional sold / left",2024,76.9322887690798
"Non-institutional sold / left",2025,76.0206586351881
"Songbird (TRG to Songbird, 2026)",2010,68.4692144921552
"Songbird (TRG to Songbird, 2026)",2011,68.7823725227085
"Songbird (TRG to Songbird, 2026)",2012,69.3467821015689
"Songbird (TRG to Songbird, 2026)",2013,70.0255599710983
"Songbird (TRG to Songbird, 2026)",2014,69.1829582989265
"Songbird (TRG to Songbird, 2026)",2015,69.2655733897605
"Songbird (TRG to Songbird, 2026)",2016,71.9498735549133
"Songbird (TRG to Songbird, 2026)",2017,72.1122909785301
"Songbird (TRG to Songbird, 2026)",2018,71.2577028282411
"Songbird (TRG to Songbird, 2026)",2019,71.5937370974401
"Songbird (TRG to Songbird, 2026)",2020,72.6711266515277
"Songbird (TRG to Songbird, 2026)",2021,73.7785791701073
"Songbird (TRG to Songbird, 2026)",2022,74.7450841246903
"Songbird (TRG to Songbird, 2026)",2023,75.0389399256812
"Songbird (TRG to Songbird, 2026)",2024,73.1499406482246
"Songbird (TRG to Songbird, 2026)",2025,65.7881657720892
"TRG other sale / left CFP",2010,68.8268975719241
"TRG other sale / left CFP",2011,68.71774892879
"TRG other sale / left CFP",2012,69.1182539277698
"TRG other sale / left CFP",2013,69.5054708222812
"TRG other sale / left CFP",2014,69.2203121811875
"TRG other sale / left CFP",2015,69.5666955723322
"TRG other sale / left CFP",2016,72.1049785758009
"TRG other sale / left CFP",2017,71.8521857784126
"TRG other sale / left CFP",2018,71.2988165680473
"TRG other sale / left CFP",2019,71.0407442358702
"TRG other sale / left CFP",2020,71.3146679249133
"TRG other sale / left CFP",2021,71.888874719445
"TRG other sale / left CFP",2022,72.4570368292185
"TRG other sale / left CFP",2023,73.1735615180575
"TRG other sale / left CFP",2024,73.7345949806162
"TRG other sale / left CFP",2025,73.8583834931647
"TRG/Verdant retained",2010,74.7131839647137
"TRG/Verdant retained",2011,74.9146945928088
"TRG/Verdant retained",2012,75.3753102024852
"TRG/Verdant retained",2013,75.8472798308167
"TRG/Verdant retained",2014,75.7971701136065
"TRG/Verdant retained",2015,75.8167490558574
"TRG/Verdant retained",2016,76.6798909236355
"TRG/Verdant retained",2017,76.5472866812367
"TRG/Verdant retained",2018,76.3412172091389
"TRG/Verdant retained",2019,75.4443138199489
"TRG/Verdant retained",2020,75.0329549397053
"TRG/Verdant retained",2021,75.2157086759464
"TRG/Verdant retained",2022,75.5658844665622
"TRG/Verdant retained",2023,74.3913843814844
"TRG/Verdant retained",2024,74.842175163029
"TRG/Verdant retained",2025,73.4028444711586
