"footprint","source","year","n_pixels","acres","pct_of_footprint"
"Heartlands","Hansen loss",2012,502,111.642211346865,0.342680828987248
"Heartlands","Hansen loss",2013,238,52.9299727102668,0.162466209758895
"Heartlands","Hansen loss",2014,311,69.1647962726596,0.212298282500068
"Heartlands","Hansen loss",2015,103,22.9066688620062,0.0703110067443956
"Heartlands","Hansen loss",2016,379,84.2876456184501,0.258717199574038
"Heartlands","Hansen loss",2017,1027,228.399504090101,0.701062174043634
"Heartlands","Hansen loss",2018,1159,257.7556234084,0.791169483657811
"Heartlands","Hansen loss",2019,1890,420.326253875648,1.29017284220299
"Heartlands","Hansen loss",2020,3296,733.013403584199,2.24995221582066
"Heartlands","Hansen loss",2021,2864,636.938831269765,1.95505556617426
"Heartlands","Hansen loss",2022,699,155.453995480994,0.477159162275073
"Heartlands","TCC drop >= 15 points",2012,4432,985.653945596229,3.02542118340933
"Heartlands","TCC drop >= 15 points",2013,1509,335.593818570557,1.03009038036207
"Heartlands","TCC drop >= 15 points",2014,5374,1195.14988800409,3.6684597111105
"Heartlands","TCC drop >= 15 points",2015,1391,309.351227058744,0.949539906616061
"Heartlands","TCC drop >= 15 points",2016,1645,365.839517262138,1.12292821451001
"Heartlands","TCC drop >= 15 points",2017,1738,386.52223769094,1.18641290992
"Heartlands","TCC drop >= 15 points",2018,4333,963.636856107505,2.9578407011987
"Heartlands","TCC drop >= 15 points",2019,3652,812.185967806279,2.49296889932556
"Heartlands","TCC drop >= 15 points",2020,5037,1120.2028258051,3.43841301914098
"Heartlands","TCC drop >= 15 points",2021,3753,834.647846981644,2.56191464380307
"Heartlands","TCC drop >= 15 points",2022,563,125.208296789413,0.384321328127133
"Songbird","Hansen loss",2015,428,95.1849929411521,0.552229562345169
"Songbird","Hansen loss",2016,350,77.8381951621571,0.451589595375723
"Songbird","Hansen loss",2017,533,118.536451489799,0.687706440957886
"Songbird","Hansen loss",2018,1643,365.394727575497,2.11989058629232
"Songbird","Hansen loss",2019,267,59.3794231665598,0.344498348472337
"Songbird","Hansen loss",2020,36,8.00621435953616,0.04644921552436
"Songbird","Hansen loss",2021,557,123.87392772949,0.718672584640793
"Songbird","Hansen loss",2022,1476,328.254788740982,1.90441783649876
"Songbird","Hansen loss",2023,592,131.657747245706,0.763831544178365
"Songbird","Hansen loss",2024,1917,426.3309146453,2.47342072667217
"Songbird","Hansen loss",2025,0,0,0
"Songbird","TCC drop >= 15 points",2015,5087,1131.32256797112,6.56353220478943
"Songbird","TCC drop >= 15 points",2016,987,219.503710357283,1.27348265895954
"Songbird","TCC drop >= 15 points",2017,1290,286.889347883379,1.66443022295623
"Songbird","TCC drop >= 15 points",2018,2545,565.994876250542,3.2837014863749
"Songbird","TCC drop >= 15 points",2019,841,187.034063232497,1.08510528488852
"Songbird","TCC drop >= 15 points",2020,140,31.1352780648628,0.180635838150289
"Songbird","TCC drop >= 15 points",2021,455,101.189653710804,0.587066473988439
"Songbird","TCC drop >= 15 points",2022,843,187.478852919138,1.0876857968621
"Songbird","TCC drop >= 15 points",2023,993,220.838079417206,1.28122419488026
"Songbird","TCC drop >= 15 points",2024,3740,831.756714018478,4.82555739058629
"Songbird","TCC drop >= 15 points",2025,7329,1629.93180669557,9.45628612716763
