"BPS_NAME","GROUPVEG","acres","pct"
"Laurentian-Acadian Northern Hardwoods Forest-Hemlock","Hardwood",469966.784458362,54.6002561023252
"Laurentian-Acadian Alkaline Conifer-Hardwood Swamp","Riparian",114526.005280202,13.305513124469
"Boreal White Spruce-Fir-Hardwood Forest-Inland","Conifer",77914.476593416,9.05202349775006
"Boreal White Spruce-Fir-Hardwood Forest-Coastal","Conifer",51950.3234254402,6.0355349727465
"Laurentian-Acadian Pine-Hemlock-Hardwood Forest","Hardwood-Conifer",48043.7356076732,5.58167163093154
"Boreal Acidic Peatland Systems","Riparian",37463.5233315462,4.35247348545136
"Laurentian-Acadian Northern Hardwoods Forest-Northern Sugar Maple-Basswood","Hardwood",27851.8405980797,3.23579810289981
"Laurentian-Acadian Northern Pine(-Oak) Forest","Hardwood-Conifer",11045.2398935101,1.28322457424797
"Boreal Jack Pine-Black Spruce Forest-Pine Barrens","Conifer",8086.0541082882,0.93942942303598
"Laurentian-Acadian Floodplain Systems","Riparian",7235.39383258748,0.840600589924161
"Boreal Jack Pine-Black Spruce Forest-Spruce-Fir","Conifer",4051.36686076862,0.470683621646537
"Great Lakes Coastal Marsh Systems","Riparian",1623.92714592592,0.188666180230719
"Great Lakes Wooded Dune and Swale","Riparian",313.576729081833,0.0364310208333764
"Laurentian Pine-Oak Barrens","Hardwood-Conifer",225.285976283615,0.0261734922724896
"Barren-Rock/Sand/Clay","Barren-Rock/Sand/Clay",201.712122891647,0.0234347063091294
"Eastern Boreal Floodplain","Hardwood",197.041831181918,0.0228921166371429
"Laurentian-Acadian Shrub-Herbaceous Wetland Systems","Riparian",34.0264110280287,0.00395315332447276
"Laurentian Pine-Oak Barrens-Jack Pine","Conifer",10.6749524793815,0.00124020496454047
