"year","type_group","annual_acres"
2010,"Harvest or mechanical",599.131707905289
2010,"Other",9.78537310609975
2010,"Unknown cause",7923.48347782095
2011,"Harvest or mechanical",670.075662924512
2011,"Other",111.642211346865
2011,"Unknown cause",10723.879344912
2012,"Harvest or mechanical",895.806428894768
2012,"Other",31.8024625948242
2012,"Unknown cause",9303.22108578101
2013,"Harvest or mechanical",953.184298471444
2013,"Insects or disease",31.1352780648628
2013,"Other",303.124171445772
2013,"Unknown cause",3088.39718919107
2014,"Harvest or mechanical",660.735079505053
2014,"Other",48.9268655304987
2014,"Unknown cause",2314.46313443591
2015,"Harvest or mechanical",516.400826190082
2015,"Unknown cause",5694.86475290673
2016,"Harvest or mechanical",743.46596122026
2016,"Unknown cause",9117.0766019218
2017,"Harvest or mechanical",2375.84411119235
2017,"Insects or disease",2185.47412531005
2017,"Unknown cause",7923.03868813431
2018,"Harvest or mechanical",2068.04964803685
2018,"Insects or disease",273.100867597511
2018,"Unknown cause",7873.22224323053
2019,"Harvest or mechanical",1517.84480566206
2019,"Insects or disease",1522.95988705843
2019,"Unknown cause",7508.93948987163
2020,"Harvest or mechanical",1166.68334805907
2020,"Unknown cause",7751.1274742476
2021,"Fire",6.44945045629301
2021,"Harvest or mechanical",3176.91033683261
2021,"Insects or disease",2756.80647780028
2021,"Other",72.2783240791459
2021,"Unknown cause",11688.8505700795
2022,"Fire",1.77915874656359
2022,"Harvest or mechanical",4538.85635732704
2022,"Insects or disease",268.208181044461
2022,"Unknown cause",11156.214920327
2023,"Harvest or mechanical",3051.7020400432
2023,"Insects or disease",3376.17611644773
2023,"Other",2.66873811984539
2023,"Unknown cause",10559.9743453849
2024,"Fire",0.444789686640898
2024,"Harvest or mechanical",2263.08992562889
2024,"Insects or disease",800.176646266975
2024,"Unknown cause",5639.0436472333
2025,"Fire",33.5816213413878
2025,"Harvest or mechanical",2596.0150060796
2025,"Insects or disease",3608.35633287428
2025,"Other",3.55831749312718
2025,"Unknown cause",10251.2903028561
